[{"pk": 22, "model": "auth.permission", "fields": {"codename": "add_logentry", "name": "Can add log entry", "content_type": 8}}, {"pk": 23, "model": "auth.permission", "fields": {"codename": "change_logentry", "name": "Can change log entry", "content_type": 8}}, {"pk": 24, "model": "auth.permission", "fields": {"codename": "delete_logentry", "name": "Can delete log entry", "content_type": 8}}, {"pk": 4, "model": "auth.permission", "fields": {"codename": "add_group", "name": "Can add group", "content_type": 2}}, {"pk": 10, "model": "auth.permission", "fields": {"codename": "add_message", "name": "Can add message", "content_type": 4}}, {"pk": 1, "model": "auth.permission", "fields": {"codename": "add_permission", "name": "Can add permission", "content_type": 1}}, {"pk": 7, "model": "auth.permission", "fields": {"codename": "add_user", "name": "Can add user", "content_type": 3}}, {"pk": 5, "model": "auth.permission", "fields": {"codename": "change_group", "name": "Can change group", "content_type": 2}}, {"pk": 11, "model": "auth.permission", "fields": {"codename": "change_message", "name": "Can change message", "content_type": 4}}, {"pk": 2, "model": "auth.permission", "fields": {"codename": "change_permission", "name": "Can change permission", "content_type": 1}}, {"pk": 8, "model": "auth.permission", "fields": {"codename": "change_user", "name": "Can change user", "content_type": 3}}, {"pk": 6, "model": "auth.permission", "fields": {"codename": "delete_group", "name": "Can delete group", "content_type": 2}}, {"pk": 12, "model": "auth.permission", "fields": {"codename": "delete_message", "name": "Can delete message", "content_type": 4}}, {"pk": 3, "model": "auth.permission", "fields": {"codename": "delete_permission", "name": "Can delete permission", "content_type": 1}}, {"pk": 9, "model": "auth.permission", "fields": {"codename": "delete_user", "name": "Can delete user", "content_type": 3}}, {"pk": 31, "model": "auth.permission", "fields": {"codename": "add_benchmark", "name": "Can add benchmark", "content_type": 11}}, {"pk": 34, "model": "auth.permission", "fields": {"codename": "add_environment", "name": "Can add environment", "content_type": 12}}, {"pk": 28, "model": "auth.permission", "fields": {"codename": "add_interpreter", "name": "Can add interpreter", "content_type": 10}}, {"pk": 37, "model": "auth.permission", "fields": {"codename": "add_result", "name": "Can add result", "content_type": 13}}, {"pk": 25, "model": "auth.permission", "fields": {"codename": "add_revision", "name": "Can add revision", "content_type": 9}}, {"pk": 32, "model": "auth.permission", "fields": {"codename": "change_benchmark", "name": "Can change benchmark", "content_type": 11}}, {"pk": 35, "model": "auth.permission", "fields": {"codename": "change_environment", "name": "Can change environment", "content_type": 12}}, {"pk": 29, "model": "auth.permission", "fields": {"codename": "change_interpreter", "name": "Can change interpreter", "content_type": 10}}, {"pk": 38, "model": "auth.permission", "fields": {"codename": "change_result", "name": "Can change result", "content_type": 13}}, {"pk": 26, "model": "auth.permission", "fields": {"codename": "change_revision", "name": "Can change revision", "content_type": 9}}, {"pk": 33, "model": "auth.permission", "fields": {"codename": "delete_benchmark", "name": "Can delete benchmark", "content_type": 11}}, {"pk": 36, "model": "auth.permission", "fields": {"codename": "delete_environment", "name": "Can delete environment", "content_type": 12}}, {"pk": 30, "model": "auth.permission", "fields": {"codename": "delete_interpreter", "name": "Can delete interpreter", "content_type": 10}}, {"pk": 39, "model": "auth.permission", "fields": {"codename": "delete_result", "name": "Can delete result", "content_type": 13}}, {"pk": 27, "model": "auth.permission", "fields": {"codename": "delete_revision", "name": "Can delete revision", "content_type": 9}}, {"pk": 13, "model": "auth.permission", "fields": {"codename": "add_contenttype", "name": "Can add content type", "content_type": 5}}, {"pk": 14, "model": "auth.permission", "fields": {"codename": "change_contenttype", "name": "Can change content type", "content_type": 5}}, {"pk": 15, "model": "auth.permission", "fields": {"codename": "delete_contenttype", "name": "Can delete content type", "content_type": 5}}, {"pk": 16, "model": "auth.permission", "fields": {"codename": "add_session", "name": "Can add session", "content_type": 6}}, {"pk": 17, "model": "auth.permission", "fields": {"codename": "change_session", "name": "Can change session", "content_type": 6}}, {"pk": 18, "model": "auth.permission", "fields": {"codename": "delete_session", "name": "Can delete session", "content_type": 6}}, {"pk": 19, "model": "auth.permission", "fields": {"codename": "add_site", "name": "Can add site", "content_type": 7}}, {"pk": 20, "model": "auth.permission", "fields": {"codename": "change_site", "name": "Can change site", "content_type": 7}}, {"pk": 21, "model": "auth.permission", "fields": {"codename": "delete_site", "name": "Can delete site", "content_type": 7}}, {"pk": 1, "model": "auth.user", "fields": {"username": "admin", "first_name": "", "last_name": "", "is_active": 1, "is_superuser": 1, "is_staff": 1, "last_login": "2010-01-26 06:07:11", "groups": [], "user_permissions": [], "password": "sha1$fe3db$f113035e546a78ce8884f3a5f90b5e4ce3b12374", "email": "a@a.es", "date_joined": "2010-01-26 06:05:17"}}, {"pk": 11, "model": "contenttypes.contenttype", "fields": {"model": "benchmark", "name": "benchmark", "app_label": "codespeed"}}, {"pk": 5, "model": "contenttypes.contenttype", "fields": {"model": "contenttype", "name": "content type", "app_label": "contenttypes"}}, {"pk": 12, "model": "contenttypes.contenttype", "fields": {"model": "environment", "name": "environment", "app_label": "codespeed"}}, {"pk": 2, "model": "contenttypes.contenttype", "fields": {"model": "group", "name": "group", "app_label": "auth"}}, {"pk": 10, "model": "contenttypes.contenttype", "fields": {"model": "interpreter", "name": "interpreter", "app_label": "codespeed"}}, {"pk": 8, "model": "contenttypes.contenttype", "fields": {"model": "logentry", "name": "log entry", "app_label": "admin"}}, {"pk": 4, "model": "contenttypes.contenttype", "fields": {"model": "message", "name": "message", "app_label": "auth"}}, {"pk": 1, "model": "contenttypes.contenttype", "fields": {"model": "permission", "name": "permission", "app_label": "auth"}}, {"pk": 13, "model": "contenttypes.contenttype", "fields": {"model": "result", "name": "result", "app_label": "codespeed"}}, {"pk": 9, "model": "contenttypes.contenttype", "fields": {"model": "revision", "name": "revision", "app_label": "codespeed"}}, {"pk": 6, "model": "contenttypes.contenttype", "fields": {"model": "session", "name": "session", "app_label": "sessions"}}, {"pk": 7, "model": "contenttypes.contenttype", "fields": {"model": "site", "name": "site", "app_label": "sites"}}, {"pk": 3, "model": "contenttypes.contenttype", "fields": {"model": "user", "name": "user", "app_label": "auth"}}, {"pk": "459091210dde06b3f6d9ec26151831de", "model": "sessions.session", "fields": {"expire_date": "2010-02-09 06:07:11", "session_data": "gAJ9cQEoVRJfYXV0aF91c2VyX2JhY2tlbmRxAlUpZGphbmdvLmNvbnRyaWIuYXV0aC5iYWNrZW5k\ncy5Nb2RlbEJhY2tlbmRxA1UNX2F1dGhfdXNlcl9pZHEEigEBdS5lMzBlMjdkMjI0MTk5MzIwODE3\nNTI4ZDMyZjRlODQzZQ==\n"}}, {"pk": 1, "model": "sites.site", "fields": {"domain": "example.com", "name": "example.com"}}, {"pk": 4, "model": "admin.logentry", "fields": {"action_flag": 2, "action_time": "2010-02-08 05:07:36", "object_repr": "pypy-c-jit gc=hybrid", "object_id": "2", "change_message": "Changed coptions.", "user": 1, "content_type": 10}}, {"pk": 3, "model": "admin.logentry", "fields": {"action_flag": 2, "action_time": "2010-01-27 05:42:38", "object_repr": "262", "object_id": "3", "change_message": "Changed tag.", "user": 1, "content_type": 9}}, {"pk": 2, "model": "admin.logentry", "fields": {"action_flag": 3, "action_time": "2010-01-27 05:42:21", "object_repr": "2620", "object_id": "1", "change_message": "", "user": 1, "content_type": 9}}, {"pk": 1, "model": "admin.logentry", "fields": {"action_flag": 1, "action_time": "2010-01-26 06:07:22", "object_repr": "Dual Core Linux", "object_id": "1", "change_message": "", "user": 1, "content_type": 12}}, {"pk": 2, "model": "codespeed.revision", "fields": {"project": "pypy", "date": null, "message": "", "tag": "", "number": 70632}}, {"pk": 3, "model": "codespeed.revision", "fields": {"project": "cpython", "date": null, "message": "", "tag": "2.6.2", "number": 262}}, {"pk": 4, "model": "codespeed.revision", "fields": {"project": "pypy", "date": null, "message": "", "tag": "", "number": 70634}}, {"pk": 5, "model": "codespeed.revision", "fields": {"project": "pypy", "date": null, "message": "", "tag": "", "number": 70641}}, {"pk": 6, "model": "codespeed.revision", "fields": {"project": "pypy", "date": null, "message": "", "tag": "", "number": 70643}}, {"pk": 7, "model": "codespeed.revision", "fields": {"project": "pypy", "date": null, "message": "", "tag": "", "number": 70671}}, {"pk": 8, "model": "codespeed.revision", "fields": {"project": "pypy", "date": null, "message": "", "tag": "", "number": 70678}}, {"pk": 9, "model": "codespeed.revision", "fields": {"project": "pypy", "date": null, "message": "", "tag": "", "number": 70688}}, {"pk": 10, "model": "codespeed.revision", "fields": {"project": "pypy", "date": null, "message": "", "tag": "", "number": 70694}}, {"pk": 11, "model": "codespeed.revision", "fields": {"project": "pypy", "date": null, "message": "", "tag": "", "number": 70721}}, {"pk": 12, "model": "codespeed.revision", "fields": {"project": "pypy", "date": null, "message": "", "tag": "", "number": 70740}}, {"pk": 13, "model": "codespeed.revision", "fields": {"project": "pypy", "date": null, "message": "", "tag": "", "number": 70764}}, {"pk": 14, "model": "codespeed.revision", "fields": {"project": "pypy", "date": null, "message": "", "tag": "", "number": 70789}}, {"pk": 15, "model": "codespeed.revision", "fields": {"project": "pypy", "date": null, "message": "", "tag": "", "number": 70794}}, {"pk": 16, "model": "codespeed.revision", "fields": {"project": "pypy", "date": null, "message": "", "tag": "", "number": 70813}}, {"pk": 17, "model": "codespeed.revision", "fields": {"project": "pypy", "date": null, "message": "", "tag": "", "number": 70831}}, {"pk": 18, "model": "codespeed.revision", "fields": {"project": "pypy", "date": null, "message": "", "tag": "", "number": 70857}}, {"pk": 19, "model": "codespeed.revision", "fields": {"project": "pypy", "date": null, "message": "", "tag": "", "number": 70901}}, {"pk": 20, "model": "codespeed.revision", "fields": {"project": "pypy", "date": null, "message": "", "tag": "", "number": 70929}}, {"pk": 21, "model": "codespeed.revision", "fields": {"project": "pypy", "date": null, "message": "", "tag": "", "number": 70933}}, {"pk": 22, "model": "codespeed.revision", "fields": {"project": "pypy", "date": null, "message": "", "tag": "", "number": 70961}}, {"pk": 23, "model": "codespeed.revision", "fields": {"project": "pypy", "date": null, "message": "", "tag": "", "number": 70971}}, {"pk": 24, "model": "codespeed.revision", "fields": {"project": "pypy", "date": null, "message": "", "tag": "", "number": 70993}}, {"pk": 25, "model": "codespeed.revision", "fields": {"project": "pypy", "date": null, "message": "", "tag": "", "number": 71013}}, {"pk": 26, "model": "codespeed.revision", "fields": {"project": "pypy", "date": null, "message": "", "tag": "", "number": 71019}}, {"pk": 27, "model": "codespeed.revision", "fields": {"project": "pypy", "date": null, "message": "", "tag": "", "number": 71074}}, {"pk": 28, "model": "codespeed.revision", "fields": {"project": "pypy", "date": null, "message": "", "tag": "", "number": 71086}}, {"pk": 29, "model": "codespeed.revision", "fields": {"project": "pypy", "date": null, "message": "", "tag": "", "number": 71091}}, {"pk": 30, "model": "codespeed.revision", "fields": {"project": "pypy", "date": null, "message": "", "tag": "", "number": 71101}}, {"pk": 31, "model": "codespeed.revision", "fields": {"project": "pypy", "date": null, "message": "", "tag": "", "number": 71119}}, {"pk": 32, "model": "codespeed.revision", "fields": {"project": "pypy", "date": null, "message": "", "tag": "", "number": 71129}}, {"pk": 33, "model": "codespeed.revision", "fields": {"project": "pypy", "date": null, "message": "", "tag": "", "number": 71131}}, {"pk": 34, "model": "codespeed.revision", "fields": {"project": "pypy", "date": null, "message": "", "tag": "", "number": 71134}}, {"pk": 35, "model": "codespeed.revision", "fields": {"project": "pypy", "date": null, "message": "", "tag": "", "number": 71140}}, {"pk": 36, "model": "codespeed.revision", "fields": {"project": "pypy", "date": null, "message": "", "tag": "", "number": 71145}}, {"pk": 37, "model": "codespeed.revision", "fields": {"project": "pypy", "date": null, "message": "", "tag": "", "number": 71154}}, {"pk": 1, "model": "codespeed.interpreter", "fields": {"coptions": "default", "name": "cpython"}}, {"pk": 2, "model": "codespeed.interpreter", "fields": {"coptions": "gc=hybrid", "name": "pypy-c-jit"}}, {"pk": 1, "model": "codespeed.benchmark", "fields": {"name": "ai", "benchmark_type": "T", "description": ""}}, {"pk": 2, "model": "codespeed.benchmark", "fields": {"name": "django", "benchmark_type": "T", "description": ""}}, {"pk": 3, "model": "codespeed.benchmark", "fields": {"name": "html5lib", "benchmark_type": "T", "description": ""}}, {"pk": 4, "model": "codespeed.benchmark", "fields": {"name": "richards", "benchmark_type": "T", "description": ""}}, {"pk": 5, "model": "codespeed.benchmark", "fields": {"name": "rietveld", "benchmark_type": "T", "description": ""}}, {"pk": 6, "model": "codespeed.benchmark", "fields": {"name": "slowspitfire", "benchmark_type": "T", "description": ""}}, {"pk": 7, "model": "codespeed.benchmark", "fields": {"name": "spambayes", "benchmark_type": "T", "description": ""}}, {"pk": 8, "model": "codespeed.benchmark", "fields": {"name": "float", "benchmark_type": "T", "description": ""}}, {"pk": 9, "model": "codespeed.benchmark", "fields": {"name": "chaos", "benchmark_type": "T", "description": ""}}, {"pk": 10, "model": "codespeed.benchmark", "fields": {"name": "fannkuch", "benchmark_type": "T", "description": ""}}, {"pk": 11, "model": "codespeed.benchmark", "fields": {"name": "meteor-contest", "benchmark_type": "T", "description": ""}}, {"pk": 12, "model": "codespeed.benchmark", "fields": {"name": "nbody_modified", "benchmark_type": "T", "description": ""}}, {"pk": 13, "model": "codespeed.benchmark", "fields": {"name": "spectral-norm", "benchmark_type": "T", "description": ""}}, {"pk": 14, "model": "codespeed.benchmark", "fields": {"name": "telco", "benchmark_type": "T", "description": ""}}, {"pk": 15, "model": "codespeed.benchmark", "fields": {"name": "gcbench", "benchmark_type": "T", "description": ""}}, {"pk": 16, "model": "codespeed.benchmark", "fields": {"name": "spitfire", "benchmark_type": "T", "description": ""}}, {"pk": 17, "model": "codespeed.benchmark", "fields": {"name": "spitfire_cstringio", "benchmark_type": "T", "description": ""}}, {"pk": 18, "model": "codespeed.benchmark", "fields": {"name": "twisted_iteration", "benchmark_type": "T", "description": ""}}, {"pk": 19, "model": "codespeed.benchmark", "fields": {"name": "twisted_web", "benchmark_type": "T", "description": ""}}, {"pk": 1, "model": "codespeed.environment", "fields": {"memory": "2Gb", "os": "Linux", "name": "Dual Core Linux", "cpu": "Core 2 Duo 2.66Mhz"}}, {"pk": 1, "model": "codespeed.result", "fields": {"benchmark": 1, "value": 0.43707809448200002, "environment": 1, "date": "2010-01-27 09:41:22", "interpreter": 2, "result_type": "T", "revision": 2}}, {"pk": 2, "model": "codespeed.result", "fields": {"benchmark": 2, "value": 0.65519900322000002, "environment": 1, "date": "2010-01-27 09:41:22", "interpreter": 2, "result_type": "T", "revision": 2}}, {"pk": 3, "model": "codespeed.result", "fields": {"benchmark": 3, "value": 18.343158960299998, "environment": 1, "date": "2010-01-27 09:41:22", "interpreter": 2, "result_type": "T", "revision": 2}}, {"pk": 4, "model": "codespeed.result", "fields": {"benchmark": 4, "value": 0.029869985580400001, "environment": 1, "date": "2010-01-27 09:41:22", "interpreter": 2, "result_type": "T", "revision": 2}}, {"pk": 5, "model": "codespeed.result", "fields": {"benchmark": 5, "value": 1.36875300408, "environment": 1, "date": "2010-01-27 09:41:22", "interpreter": 2, "result_type": "T", "revision": 2}}, {"pk": 6, "model": "codespeed.result", "fields": {"benchmark": 6, "value": 1.9608736038200001, "environment": 1, "date": "2010-01-27 09:41:22", "interpreter": 2, "result_type": "T", "revision": 2}}, {"pk": 7, "model": "codespeed.result", "fields": {"benchmark": 7, "value": 1.2217754364, "environment": 1, "date": "2010-01-27 09:41:22", "interpreter": 2, "result_type": "T", "revision": 2}}, {"pk": 8, "model": "codespeed.result", "fields": {"benchmark": 1, "value": 0.44379796981800002, "environment": 1, "date": "2010-02-08 13:08:45", "interpreter": 1, "result_type": "T", "revision": 3}}, {"pk": 9, "model": "codespeed.result", "fields": {"benchmark": 2, "value": 0.826645851135, "environment": 1, "date": "2010-02-08 13:08:45", "interpreter": 1, "result_type": "T", "revision": 3}}, {"pk": 10, "model": "codespeed.result", "fields": {"benchmark": 3, "value": 11.5674259663, "environment": 1, "date": "2010-02-08 13:08:45", "interpreter": 1, "result_type": "T", "revision": 3}}, {"pk": 11, "model": "codespeed.result", "fields": {"benchmark": 4, "value": 0.290439796448, "environment": 1, "date": "2010-02-08 13:08:45", "interpreter": 1, "result_type": "T", "revision": 3}}, {"pk": 12, "model": "codespeed.result", "fields": {"benchmark": 5, "value": 0.46927795410200002, "environment": 1, "date": "2010-02-08 13:08:45", "interpreter": 1, "result_type": "T", "revision": 3}}, {"pk": 13, "model": "codespeed.result", "fields": {"benchmark": 6, "value": 0.67447190284699998, "environment": 1, "date": "2010-02-08 13:08:45", "interpreter": 1, "result_type": "T", "revision": 3}}, {"pk": 14, "model": "codespeed.result", "fields": {"benchmark": 7, "value": 0.26855478286700002, "environment": 1, "date": "2010-02-08 13:08:45", "interpreter": 1, "result_type": "T", "revision": 3}}, {"pk": 15, "model": "codespeed.result", "fields": {"benchmark": 1, "value": 0.42492904663100001, "environment": 1, "date": "2010-01-27 09:41:23", "interpreter": 2, "result_type": "T", "revision": 4}}, {"pk": 16, "model": "codespeed.result", "fields": {"benchmark": 2, "value": 0.62576680183400002, "environment": 1, "date": "2010-01-27 09:41:23", "interpreter": 2, "result_type": "T", "revision": 4}}, {"pk": 17, "model": "codespeed.result", "fields": {"benchmark": 3, "value": 18.203540086699999, "environment": 1, "date": "2010-01-27 09:41:23", "interpreter": 2, "result_type": "T", "revision": 4}}, {"pk": 18, "model": "codespeed.result", "fields": {"benchmark": 4, "value": 0.029346752166800001, "environment": 1, "date": "2010-01-27 09:41:23", "interpreter": 2, "result_type": "T", "revision": 4}}, {"pk": 19, "model": "codespeed.result", "fields": {"benchmark": 5, "value": 1.3492350578300001, "environment": 1, "date": "2010-01-27 09:41:23", "interpreter": 2, "result_type": "T", "revision": 4}}, {"pk": 20, "model": "codespeed.result", "fields": {"benchmark": 6, "value": 1.9761237621300001, "environment": 1, "date": "2010-01-27 09:41:23", "interpreter": 2, "result_type": "T", "revision": 4}}, {"pk": 21, "model": "codespeed.result", "fields": {"benchmark": 7, "value": 1.3172614097599999, "environment": 1, "date": "2010-01-27 09:41:23", "interpreter": 2, "result_type": "T", "revision": 4}}, {"pk": 22, "model": "codespeed.result", "fields": {"benchmark": 1, "value": 0.442705011368, "environment": 1, "date": "2010-01-27 09:41:24", "interpreter": 2, "result_type": "T", "revision": 5}}, {"pk": 23, "model": "codespeed.result", "fields": {"benchmark": 2, "value": 0.69898595809899999, "environment": 1, "date": "2010-01-27 09:41:24", "interpreter": 2, "result_type": "T", "revision": 5}}, {"pk": 24, "model": "codespeed.result", "fields": {"benchmark": 3, "value": 19.623087883, "environment": 1, "date": "2010-01-27 09:41:24", "interpreter": 2, "result_type": "T", "revision": 5}}, {"pk": 25, "model": "codespeed.result", "fields": {"benchmark": 4, "value": 0.031779193878200003, "environment": 1, "date": "2010-01-27 09:41:24", "interpreter": 2, "result_type": "T", "revision": 5}}, {"pk": 26, "model": "codespeed.result", "fields": {"benchmark": 5, "value": 1.35385112762, "environment": 1, "date": "2010-01-27 09:41:24", "interpreter": 2, "result_type": "T", "revision": 5}}, {"pk": 27, "model": "codespeed.result", "fields": {"benchmark": 6, "value": 2.0196122646300001, "environment": 1, "date": "2010-01-27 09:41:24", "interpreter": 2, "result_type": "T", "revision": 5}}, {"pk": 28, "model": "codespeed.result", "fields": {"benchmark": 7, "value": 1.2326191902200001, "environment": 1, "date": "2010-01-27 09:41:24", "interpreter": 2, "result_type": "T", "revision": 5}}, {"pk": 29, "model": "codespeed.result", "fields": {"benchmark": 1, "value": 0.427397823334, "environment": 1, "date": "2010-01-27 09:41:24", "interpreter": 2, "result_type": "T", "revision": 6}}, {"pk": 30, "model": "codespeed.result", "fields": {"benchmark": 2, "value": 0.64163026809699997, "environment": 1, "date": "2010-01-27 09:41:24", "interpreter": 2, "result_type": "T", "revision": 6}}, {"pk": 31, "model": "codespeed.result", "fields": {"benchmark": 3, "value": 18.129413127900001, "environment": 1, "date": "2010-01-27 09:41:24", "interpreter": 2, "result_type": "T", "revision": 6}}, {"pk": 32, "model": "codespeed.result", "fields": {"benchmark": 4, "value": 0.031384038925200003, "environment": 1, "date": "2010-01-27 09:41:24", "interpreter": 2, "result_type": "T", "revision": 6}}, {"pk": 33, "model": "codespeed.result", "fields": {"benchmark": 5, "value": 1.38800883293, "environment": 1, "date": "2010-01-27 09:41:24", "interpreter": 2, "result_type": "T", "revision": 6}}, {"pk": 34, "model": "codespeed.result", "fields": {"benchmark": 6, "value": 1.97738900185, "environment": 1, "date": "2010-01-27 09:41:24", "interpreter": 2, "result_type": "T", "revision": 6}}, {"pk": 35, "model": "codespeed.result", "fields": {"benchmark": 7, "value": 1.2374196052499999, "environment": 1, "date": "2010-01-27 09:41:24", "interpreter": 2, "result_type": "T", "revision": 6}}, {"pk": 36, "model": "codespeed.result", "fields": {"benchmark": 1, "value": 0.44572839736999997, "environment": 1, "date": "2010-01-27 09:41:25", "interpreter": 2, "result_type": "T", "revision": 7}}, {"pk": 37, "model": "codespeed.result", "fields": {"benchmark": 2, "value": 0.619217777252, "environment": 1, "date": "2010-01-27 09:41:25", "interpreter": 2, "result_type": "T", "revision": 7}}, {"pk": 38, "model": "codespeed.result", "fields": {"benchmark": 3, "value": 18.536835908899999, "environment": 1, "date": "2010-01-27 09:41:25", "interpreter": 2, "result_type": "T", "revision": 7}}, {"pk": 39, "model": "codespeed.result", "fields": {"benchmark": 4, "value": 0.031195306778, "environment": 1, "date": "2010-01-27 09:41:25", "interpreter": 2, "result_type": "T", "revision": 7}}, {"pk": 40, "model": "codespeed.result", "fields": {"benchmark": 5, "value": 1.37284536361, "environment": 1, "date": "2010-01-27 09:41:25", "interpreter": 2, "result_type": "T", "revision": 7}}, {"pk": 41, "model": "codespeed.result", "fields": {"benchmark": 6, "value": 1.9654173851000001, "environment": 1, "date": "2010-01-27 09:41:25", "interpreter": 2, "result_type": "T", "revision": 7}}, {"pk": 42, "model": "codespeed.result", "fields": {"benchmark": 7, "value": 1.21845993996, "environment": 1, "date": "2010-01-27 09:41:25", "interpreter": 2, "result_type": "T", "revision": 7}}, {"pk": 43, "model": "codespeed.result", "fields": {"benchmark": 1, "value": 0.43448724746700002, "environment": 1, "date": "2010-01-27 09:41:25", "interpreter": 2, "result_type": "T", "revision": 8}}, {"pk": 44, "model": "codespeed.result", "fields": {"benchmark": 2, "value": 0.65551400184599995, "environment": 1, "date": "2010-01-27 09:41:25", "interpreter": 2, "result_type": "T", "revision": 8}}, {"pk": 45, "model": "codespeed.result", "fields": {"benchmark": 8, "value": 0.218690061569, "environment": 1, "date": "2010-01-27 09:41:25", "interpreter": 2, "result_type": "T", "revision": 8}}, {"pk": 46, "model": "codespeed.result", "fields": {"benchmark": 3, "value": 18.542385101299999, "environment": 1, "date": "2010-01-27 09:41:25", "interpreter": 2, "result_type": "T", "revision": 8}}, {"pk": 47, "model": "codespeed.result", "fields": {"benchmark": 4, "value": 0.030475807189899999, "environment": 1, "date": "2010-01-27 09:41:25", "interpreter": 2, "result_type": "T", "revision": 8}}, {"pk": 48, "model": "codespeed.result", "fields": {"benchmark": 5, "value": 1.34365615845, "environment": 1, "date": "2010-01-27 09:41:25", "interpreter": 2, "result_type": "T", "revision": 8}}, {"pk": 49, "model": "codespeed.result", "fields": {"benchmark": 6, "value": 2.00317382812, "environment": 1, "date": "2010-01-27 09:41:25", "interpreter": 2, "result_type": "T", "revision": 8}}, {"pk": 50, "model": "codespeed.result", "fields": {"benchmark": 7, "value": 1.2182968139699999, "environment": 1, "date": "2010-01-27 09:41:25", "interpreter": 2, "result_type": "T", "revision": 8}}, {"pk": 51, "model": "codespeed.result", "fields": {"benchmark": 1, "value": 0.422487783432, "environment": 1, "date": "2010-01-27 09:41:26", "interpreter": 2, "result_type": "T", "revision": 9}}, {"pk": 52, "model": "codespeed.result", "fields": {"benchmark": 9, "value": 0.121007490158, "environment": 1, "date": "2010-01-27 09:41:26", "interpreter": 2, "result_type": "T", "revision": 9}}, {"pk": 53, "model": "codespeed.result", "fields": {"benchmark": 2, "value": 0.64096617698699998, "environment": 1, "date": "2010-01-27 09:41:26", "interpreter": 2, "result_type": "T", "revision": 9}}, {"pk": 54, "model": "codespeed.result", "fields": {"benchmark": 10, "value": 0.37990322113000002, "environment": 1, "date": "2010-01-27 09:41:26", "interpreter": 2, "result_type": "T", "revision": 9}}, {"pk": 55, "model": "codespeed.result", "fields": {"benchmark": 8, "value": 0.135547828674, "environment": 1, "date": "2010-01-27 09:41:26", "interpreter": 2, "result_type": "T", "revision": 9}}, {"pk": 56, "model": "codespeed.result", "fields": {"benchmark": 3, "value": 18.0433809757, "environment": 1, "date": "2010-01-27 09:41:26", "interpreter": 2, "result_type": "T", "revision": 9}}, {"pk": 57, "model": "codespeed.result", "fields": {"benchmark": 11, "value": 0.37866396903999999, "environment": 1, "date": "2010-01-27 09:41:26", "interpreter": 2, "result_type": "T", "revision": 9}}, {"pk": 58, "model": "codespeed.result", "fields": {"benchmark": 12, "value": 0.076025152206400007, "environment": 1, "date": "2010-01-27 09:41:26", "interpreter": 2, "result_type": "T", "revision": 9}}, {"pk": 59, "model": "codespeed.result", "fields": {"benchmark": 4, "value": 0.029587221145600001, "environment": 1, "date": "2010-01-27 09:41:26", "interpreter": 2, "result_type": "T", "revision": 9}}, {"pk": 60, "model": "codespeed.result", "fields": {"benchmark": 5, "value": 1.33778300285, "environment": 1, "date": "2010-01-27 09:41:26", "interpreter": 2, "result_type": "T", "revision": 9}}, {"pk": 61, "model": "codespeed.result", "fields": {"benchmark": 6, "value": 1.95510158539, "environment": 1, "date": "2010-01-27 09:41:26", "interpreter": 2, "result_type": "T", "revision": 9}}, {"pk": 62, "model": "codespeed.result", "fields": {"benchmark": 7, "value": 1.21777257919, "environment": 1, "date": "2010-01-27 09:41:26", "interpreter": 2, "result_type": "T", "revision": 9}}, {"pk": 63, "model": "codespeed.result", "fields": {"benchmark": 13, "value": 0.062807464599600002, "environment": 1, "date": "2010-01-27 09:41:26", "interpreter": 2, "result_type": "T", "revision": 9}}, {"pk": 64, "model": "codespeed.result", "fields": {"benchmark": 1, "value": 0.42574295997599998, "environment": 1, "date": "2010-01-27 09:41:27", "interpreter": 2, "result_type": "T", "revision": 10}}, {"pk": 65, "model": "codespeed.result", "fields": {"benchmark": 9, "value": 0.116217041016, "environment": 1, "date": "2010-01-27 09:41:27", "interpreter": 2, "result_type": "T", "revision": 10}}, {"pk": 66, "model": "codespeed.result", "fields": {"benchmark": 2, "value": 0.67578072547900003, "environment": 1, "date": "2010-01-27 09:41:27", "interpreter": 2, "result_type": "T", "revision": 10}}, {"pk": 67, "model": "codespeed.result", "fields": {"benchmark": 10, "value": 0.391155767441, "environment": 1, "date": "2010-01-27 09:41:27", "interpreter": 2, "result_type": "T", "revision": 10}}, {"pk": 68, "model": "codespeed.result", "fields": {"benchmark": 8, "value": 0.12938299179099999, "environment": 1, "date": "2010-01-27 09:41:27", "interpreter": 2, "result_type": "T", "revision": 10}}, {"pk": 69, "model": "codespeed.result", "fields": {"benchmark": 3, "value": 18.0490338802, "environment": 1, "date": "2010-01-27 09:41:27", "interpreter": 2, "result_type": "T", "revision": 10}}, {"pk": 70, "model": "codespeed.result", "fields": {"benchmark": 11, "value": 0.38244643211399998, "environment": 1, "date": "2010-01-27 09:41:27", "interpreter": 2, "result_type": "T", "revision": 10}}, {"pk": 71, "model": "codespeed.result", "fields": {"benchmark": 12, "value": 0.075785207748500005, "environment": 1, "date": "2010-01-27 09:41:27", "interpreter": 2, "result_type": "T", "revision": 10}}, {"pk": 72, "model": "codespeed.result", "fields": {"benchmark": 4, "value": 0.030660200118999999, "environment": 1, "date": "2010-01-27 09:41:27", "interpreter": 2, "result_type": "T", "revision": 10}}, {"pk": 73, "model": "codespeed.result", "fields": {"benchmark": 5, "value": 1.33663039207, "environment": 1, "date": "2010-01-27 09:41:27", "interpreter": 2, "result_type": "T", "revision": 10}}, {"pk": 74, "model": "codespeed.result", "fields": {"benchmark": 6, "value": 1.9485769748699999, "environment": 1, "date": "2010-01-27 09:41:27", "interpreter": 2, "result_type": "T", "revision": 10}}, {"pk": 75, "model": "codespeed.result", "fields": {"benchmark": 7, "value": 1.22385950089, "environment": 1, "date": "2010-01-27 09:41:27", "interpreter": 2, "result_type": "T", "revision": 10}}, {"pk": 76, "model": "codespeed.result", "fields": {"benchmark": 13, "value": 0.063131237029999995, "environment": 1, "date": "2010-01-27 09:41:27", "interpreter": 2, "result_type": "T", "revision": 10}}, {"pk": 77, "model": "codespeed.result", "fields": {"benchmark": 1, "value": 0.43206744194000002, "environment": 1, "date": "2010-01-27 09:41:28", "interpreter": 2, "result_type": "T", "revision": 11}}, {"pk": 78, "model": "codespeed.result", "fields": {"benchmark": 9, "value": 0.120690727234, "environment": 1, "date": "2010-01-27 09:41:28", "interpreter": 2, "result_type": "T", "revision": 11}}, {"pk": 79, "model": "codespeed.result", "fields": {"benchmark": 2, "value": 0.62421946525600003, "environment": 1, "date": "2010-01-27 09:41:28", "interpreter": 2, "result_type": "T", "revision": 11}}, {"pk": 80, "model": "codespeed.result", "fields": {"benchmark": 10, "value": 0.373276233673, "environment": 1, "date": "2010-01-27 09:41:28", "interpreter": 2, "result_type": "T", "revision": 11}}, {"pk": 81, "model": "codespeed.result", "fields": {"benchmark": 8, "value": 0.15013499259999999, "environment": 1, "date": "2010-01-27 09:41:28", "interpreter": 2, "result_type": "T", "revision": 11}}, {"pk": 82, "model": "codespeed.result", "fields": {"benchmark": 3, "value": 18.6344439983, "environment": 1, "date": "2010-01-27 09:41:28", "interpreter": 2, "result_type": "T", "revision": 11}}, {"pk": 83, "model": "codespeed.result", "fields": {"benchmark": 11, "value": 0.38476510047899998, "environment": 1, "date": "2010-01-27 09:41:28", "interpreter": 2, "result_type": "T", "revision": 11}}, {"pk": 84, "model": "codespeed.result", "fields": {"benchmark": 12, "value": 0.077058410644600006, "environment": 1, "date": "2010-01-27 09:41:28", "interpreter": 2, "result_type": "T", "revision": 11}}, {"pk": 85, "model": "codespeed.result", "fields": {"benchmark": 4, "value": 0.030047035217300001, "environment": 1, "date": "2010-01-27 09:41:28", "interpreter": 2, "result_type": "T", "revision": 11}}, {"pk": 86, "model": "codespeed.result", "fields": {"benchmark": 5, "value": 1.3758056163800001, "environment": 1, "date": "2010-01-27 09:41:28", "interpreter": 2, "result_type": "T", "revision": 11}}, {"pk": 87, "model": "codespeed.result", "fields": {"benchmark": 6, "value": 2.0055235862699998, "environment": 1, "date": "2010-01-27 09:41:28", "interpreter": 2, "result_type": "T", "revision": 11}}, {"pk": 88, "model": "codespeed.result", "fields": {"benchmark": 7, "value": 1.2375351429000001, "environment": 1, "date": "2010-01-27 09:41:28", "interpreter": 2, "result_type": "T", "revision": 11}}, {"pk": 89, "model": "codespeed.result", "fields": {"benchmark": 13, "value": 0.063822555542000003, "environment": 1, "date": "2010-01-27 09:41:28", "interpreter": 2, "result_type": "T", "revision": 11}}, {"pk": 90, "model": "codespeed.result", "fields": {"benchmark": 14, "value": 0.65200000000000002, "environment": 1, "date": "2010-01-27 09:41:28", "interpreter": 2, "result_type": "T", "revision": 11}}, {"pk": 91, "model": "codespeed.result", "fields": {"benchmark": 1, "value": 0.43032097816499998, "environment": 1, "date": "2010-01-27 09:41:29", "interpreter": 2, "result_type": "T", "revision": 12}}, {"pk": 92, "model": "codespeed.result", "fields": {"benchmark": 9, "value": 0.11874918937700001, "environment": 1, "date": "2010-01-27 09:41:29", "interpreter": 2, "result_type": "T", "revision": 12}}, {"pk": 93, "model": "codespeed.result", "fields": {"benchmark": 2, "value": 0.65952877998299997, "environment": 1, "date": "2010-01-27 09:41:29", "interpreter": 2, "result_type": "T", "revision": 12}}, {"pk": 94, "model": "codespeed.result", "fields": {"benchmark": 10, "value": 0.38479938507099998, "environment": 1, "date": "2010-01-27 09:41:29", "interpreter": 2, "result_type": "T", "revision": 12}}, {"pk": 95, "model": "codespeed.result", "fields": {"benchmark": 8, "value": 0.148169994354, "environment": 1, "date": "2010-01-27 09:41:29", "interpreter": 2, "result_type": "T", "revision": 12}}, {"pk": 96, "model": "codespeed.result", "fields": {"benchmark": 3, "value": 18.341817855799999, "environment": 1, "date": "2010-01-27 09:41:29", "interpreter": 2, "result_type": "T", "revision": 12}}, {"pk": 97, "model": "codespeed.result", "fields": {"benchmark": 11, "value": 0.38457193374600002, "environment": 1, "date": "2010-01-27 09:41:29", "interpreter": 2, "result_type": "T", "revision": 12}}, {"pk": 98, "model": "codespeed.result", "fields": {"benchmark": 12, "value": 0.079361963272, "environment": 1, "date": "2010-01-27 09:41:29", "interpreter": 2, "result_type": "T", "revision": 12}}, {"pk": 99, "model": "codespeed.result", "fields": {"benchmark": 4, "value": 0.030018854141200001, "environment": 1, "date": "2010-01-27 09:41:29", "interpreter": 2, "result_type": "T", "revision": 12}}, {"pk": 100, "model": "codespeed.result", "fields": {"benchmark": 5, "value": 1.3934579849299999, "environment": 1, "date": "2010-01-27 09:41:29", "interpreter": 2, "result_type": "T", "revision": 12}}, {"pk": 101, "model": "codespeed.result", "fields": {"benchmark": 6, "value": 1.9659803867300001, "environment": 1, "date": "2010-01-27 09:41:29", "interpreter": 2, "result_type": "T", "revision": 12}}, {"pk": 102, "model": "codespeed.result", "fields": {"benchmark": 7, "value": 1.24824433327, "environment": 1, "date": "2010-01-27 09:41:29", "interpreter": 2, "result_type": "T", "revision": 12}}, {"pk": 103, "model": "codespeed.result", "fields": {"benchmark": 13, "value": 0.0622970581055, "environment": 1, "date": "2010-01-27 09:41:29", "interpreter": 2, "result_type": "T", "revision": 12}}, {"pk": 104, "model": "codespeed.result", "fields": {"benchmark": 14, "value": 0.624, "environment": 1, "date": "2010-01-27 09:41:29", "interpreter": 2, "result_type": "T", "revision": 12}}, {"pk": 105, "model": "codespeed.result", "fields": {"benchmark": 1, "value": 0.42947344780000002, "environment": 1, "date": "2010-01-27 09:41:30", "interpreter": 2, "result_type": "T", "revision": 13}}, {"pk": 106, "model": "codespeed.result", "fields": {"benchmark": 9, "value": 0.118019390106, "environment": 1, "date": "2010-01-27 09:41:30", "interpreter": 2, "result_type": "T", "revision": 13}}, {"pk": 107, "model": "codespeed.result", "fields": {"benchmark": 2, "value": 0.64448981285100004, "environment": 1, "date": "2010-01-27 09:41:30", "interpreter": 2, "result_type": "T", "revision": 13}}, {"pk": 108, "model": "codespeed.result", "fields": {"benchmark": 10, "value": 0.39367756843500001, "environment": 1, "date": "2010-01-27 09:41:30", "interpreter": 2, "result_type": "T", "revision": 13}}, {"pk": 109, "model": "codespeed.result", "fields": {"benchmark": 8, "value": 0.131764364243, "environment": 1, "date": "2010-01-27 09:41:30", "interpreter": 2, "result_type": "T", "revision": 13}}, {"pk": 110, "model": "codespeed.result", "fields": {"benchmark": 15, "value": 7.6069629192399999, "environment": 1, "date": "2010-01-27 09:41:30", "interpreter": 2, "result_type": "T", "revision": 13}}, {"pk": 111, "model": "codespeed.result", "fields": {"benchmark": 3, "value": 18.664299011200001, "environment": 1, "date": "2010-01-27 09:41:30", "interpreter": 2, "result_type": "T", "revision": 13}}, {"pk": 112, "model": "codespeed.result", "fields": {"benchmark": 11, "value": 0.38062396049500002, "environment": 1, "date": "2010-01-27 09:41:30", "interpreter": 2, "result_type": "T", "revision": 13}}, {"pk": 113, "model": "codespeed.result", "fields": {"benchmark": 12, "value": 0.079070186614999996, "environment": 1, "date": "2010-01-27 09:41:30", "interpreter": 2, "result_type": "T", "revision": 13}}, {"pk": 114, "model": "codespeed.result", "fields": {"benchmark": 4, "value": 0.029060602188099999, "environment": 1, "date": "2010-01-27 09:41:30", "interpreter": 2, "result_type": "T", "revision": 13}}, {"pk": 115, "model": "codespeed.result", "fields": {"benchmark": 5, "value": 1.36374936104, "environment": 1, "date": "2010-01-27 09:41:30", "interpreter": 2, "result_type": "T", "revision": 13}}, {"pk": 116, "model": "codespeed.result", "fields": {"benchmark": 6, "value": 1.9975749492599999, "environment": 1, "date": "2010-01-27 09:41:30", "interpreter": 2, "result_type": "T", "revision": 13}}, {"pk": 117, "model": "codespeed.result", "fields": {"benchmark": 7, "value": 1.2262028217300001, "environment": 1, "date": "2010-01-27 09:41:30", "interpreter": 2, "result_type": "T", "revision": 13}}, {"pk": 118, "model": "codespeed.result", "fields": {"benchmark": 13, "value": 0.067093992233299996, "environment": 1, "date": "2010-01-27 09:41:30", "interpreter": 2, "result_type": "T", "revision": 13}}, {"pk": 119, "model": "codespeed.result", "fields": {"benchmark": 14, "value": 0.63600000000000001, "environment": 1, "date": "2010-01-27 09:41:30", "interpreter": 2, "result_type": "T", "revision": 13}}, {"pk": 120, "model": "codespeed.result", "fields": {"benchmark": 1, "value": 0.43611154556300002, "environment": 1, "date": "2010-01-27 09:41:31", "interpreter": 2, "result_type": "T", "revision": 14}}, {"pk": 121, "model": "codespeed.result", "fields": {"benchmark": 9, "value": 0.122742033005, "environment": 1, "date": "2010-01-27 09:41:31", "interpreter": 2, "result_type": "T", "revision": 14}}, {"pk": 122, "model": "codespeed.result", "fields": {"benchmark": 2, "value": 0.67777743339499996, "environment": 1, "date": "2010-01-27 09:41:31", "interpreter": 2, "result_type": "T", "revision": 14}}, {"pk": 123, "model": "codespeed.result", "fields": {"benchmark": 10, "value": 0.38444399833699999, "environment": 1, "date": "2010-01-27 09:41:31", "interpreter": 2, "result_type": "T", "revision": 14}}, {"pk": 124, "model": "codespeed.result", "fields": {"benchmark": 8, "value": 0.146523761749, "environment": 1, "date": "2010-01-27 09:41:31", "interpreter": 2, "result_type": "T", "revision": 14}}, {"pk": 125, "model": "codespeed.result", "fields": {"benchmark": 15, "value": 7.8365619182600001, "environment": 1, "date": "2010-01-27 09:41:31", "interpreter": 2, "result_type": "T", "revision": 14}}, {"pk": 126, "model": "codespeed.result", "fields": {"benchmark": 3, "value": 19.585288047799999, "environment": 1, "date": "2010-01-27 09:41:31", "interpreter": 2, "result_type": "T", "revision": 14}}, {"pk": 127, "model": "codespeed.result", "fields": {"benchmark": 11, "value": 0.39473080635000002, "environment": 1, "date": "2010-01-27 09:41:31", "interpreter": 2, "result_type": "T", "revision": 14}}, {"pk": 128, "model": "codespeed.result", "fields": {"benchmark": 12, "value": 0.074167156219499999, "environment": 1, "date": "2010-01-27 09:41:31", "interpreter": 2, "result_type": "T", "revision": 14}}, {"pk": 129, "model": "codespeed.result", "fields": {"benchmark": 4, "value": 0.0297776699066, "environment": 1, "date": "2010-01-27 09:41:31", "interpreter": 2, "result_type": "T", "revision": 14}}, {"pk": 130, "model": "codespeed.result", "fields": {"benchmark": 5, "value": 1.45638175011, "environment": 1, "date": "2010-01-27 09:41:31", "interpreter": 2, "result_type": "T", "revision": 14}}, {"pk": 131, "model": "codespeed.result", "fields": {"benchmark": 6, "value": 1.9965989589699999, "environment": 1, "date": "2010-01-27 09:41:31", "interpreter": 2, "result_type": "T", "revision": 14}}, {"pk": 132, "model": "codespeed.result", "fields": {"benchmark": 7, "value": 1.26717119217, "environment": 1, "date": "2010-01-27 09:41:31", "interpreter": 2, "result_type": "T", "revision": 14}}, {"pk": 133, "model": "codespeed.result", "fields": {"benchmark": 13, "value": 0.065821361541800003, "environment": 1, "date": "2010-01-27 09:41:31", "interpreter": 2, "result_type": "T", "revision": 14}}, {"pk": 134, "model": "codespeed.result", "fields": {"benchmark": 14, "value": 0.63400000000000001, "environment": 1, "date": "2010-01-27 09:41:31", "interpreter": 2, "result_type": "T", "revision": 14}}, {"pk": 135, "model": "codespeed.result", "fields": {"benchmark": 1, "value": 0.426050901413, "environment": 1, "date": "2010-01-27 09:41:32", "interpreter": 2, "result_type": "T", "revision": 15}}, {"pk": 136, "model": "codespeed.result", "fields": {"benchmark": 9, "value": 0.122226619721, "environment": 1, "date": "2010-01-27 09:41:32", "interpreter": 2, "result_type": "T", "revision": 15}}, {"pk": 137, "model": "codespeed.result", "fields": {"benchmark": 2, "value": 0.67538876533500003, "environment": 1, "date": "2010-01-27 09:41:32", "interpreter": 2, "result_type": "T", "revision": 15}}, {"pk": 138, "model": "codespeed.result", "fields": {"benchmark": 10, "value": 0.38024778366099998, "environment": 1, "date": "2010-01-27 09:41:32", "interpreter": 2, "result_type": "T", "revision": 15}}, {"pk": 139, "model": "codespeed.result", "fields": {"benchmark": 8, "value": 0.142001438141, "environment": 1, "date": "2010-01-27 09:41:32", "interpreter": 2, "result_type": "T", "revision": 15}}, {"pk": 140, "model": "codespeed.result", "fields": {"benchmark": 15, "value": 7.6646499633799996, "environment": 1, "date": "2010-01-27 09:41:32", "interpreter": 2, "result_type": "T", "revision": 15}}, {"pk": 141, "model": "codespeed.result", "fields": {"benchmark": 3, "value": 19.0767159462, "environment": 1, "date": "2010-01-27 09:41:32", "interpreter": 2, "result_type": "T", "revision": 15}}, {"pk": 142, "model": "codespeed.result", "fields": {"benchmark": 11, "value": 0.38860616683999999, "environment": 1, "date": "2010-01-27 09:41:32", "interpreter": 2, "result_type": "T", "revision": 15}}, {"pk": 143, "model": "codespeed.result", "fields": {"benchmark": 12, "value": 0.074223804473800004, "environment": 1, "date": "2010-01-27 09:41:32", "interpreter": 2, "result_type": "T", "revision": 15}}, {"pk": 144, "model": "codespeed.result", "fields": {"benchmark": 4, "value": 0.030911397933999999, "environment": 1, "date": "2010-01-27 09:41:32", "interpreter": 2, "result_type": "T", "revision": 15}}, {"pk": 145, "model": "codespeed.result", "fields": {"benchmark": 5, "value": 1.4178003788, "environment": 1, "date": "2010-01-27 09:41:32", "interpreter": 2, "result_type": "T", "revision": 15}}, {"pk": 146, "model": "codespeed.result", "fields": {"benchmark": 6, "value": 1.95840940476, "environment": 1, "date": "2010-01-27 09:41:32", "interpreter": 2, "result_type": "T", "revision": 15}}, {"pk": 147, "model": "codespeed.result", "fields": {"benchmark": 7, "value": 1.2289570808400001, "environment": 1, "date": "2010-01-27 09:41:32", "interpreter": 2, "result_type": "T", "revision": 15}}, {"pk": 148, "model": "codespeed.result", "fields": {"benchmark": 13, "value": 0.068292617797899996, "environment": 1, "date": "2010-01-27 09:41:32", "interpreter": 2, "result_type": "T", "revision": 15}}, {"pk": 149, "model": "codespeed.result", "fields": {"benchmark": 14, "value": 0.64400000000000002, "environment": 1, "date": "2010-01-27 09:41:32", "interpreter": 2, "result_type": "T", "revision": 15}}, {"pk": 150, "model": "codespeed.result", "fields": {"benchmark": 1, "value": 0.43184123039299999, "environment": 1, "date": "2010-01-27 09:41:33", "interpreter": 2, "result_type": "T", "revision": 16}}, {"pk": 151, "model": "codespeed.result", "fields": {"benchmark": 9, "value": 0.128963375091, "environment": 1, "date": "2010-01-27 09:41:33", "interpreter": 2, "result_type": "T", "revision": 16}}, {"pk": 152, "model": "codespeed.result", "fields": {"benchmark": 2, "value": 0.67031297683699997, "environment": 1, "date": "2010-01-27 09:41:33", "interpreter": 2, "result_type": "T", "revision": 16}}, {"pk": 153, "model": "codespeed.result", "fields": {"benchmark": 10, "value": 0.37783699035599999, "environment": 1, "date": "2010-01-27 09:41:33", "interpreter": 2, "result_type": "T", "revision": 16}}, {"pk": 154, "model": "codespeed.result", "fields": {"benchmark": 8, "value": 0.14520840644800001, "environment": 1, "date": "2010-01-27 09:41:33", "interpreter": 2, "result_type": "T", "revision": 16}}, {"pk": 155, "model": "codespeed.result", "fields": {"benchmark": 15, "value": 7.7148549556699999, "environment": 1, "date": "2010-01-27 09:41:33", "interpreter": 2, "result_type": "T", "revision": 16}}, {"pk": 156, "model": "codespeed.result", "fields": {"benchmark": 3, "value": 19.313369989400002, "environment": 1, "date": "2010-01-27 09:41:33", "interpreter": 2, "result_type": "T", "revision": 16}}, {"pk": 157, "model": "codespeed.result", "fields": {"benchmark": 11, "value": 0.40089354515100001, "environment": 1, "date": "2010-01-27 09:41:33", "interpreter": 2, "result_type": "T", "revision": 16}}, {"pk": 158, "model": "codespeed.result", "fields": {"benchmark": 12, "value": 0.076049709320000006, "environment": 1, "date": "2010-01-27 09:41:33", "interpreter": 2, "result_type": "T", "revision": 16}}, {"pk": 159, "model": "codespeed.result", "fields": {"benchmark": 4, "value": 0.030450057983399999, "environment": 1, "date": "2010-01-27 09:41:33", "interpreter": 2, "result_type": "T", "revision": 16}}, {"pk": 160, "model": "codespeed.result", "fields": {"benchmark": 5, "value": 1.41337842941, "environment": 1, "date": "2010-01-27 09:41:33", "interpreter": 2, "result_type": "T", "revision": 16}}, {"pk": 161, "model": "codespeed.result", "fields": {"benchmark": 6, "value": 2.0009929657000001, "environment": 1, "date": "2010-01-27 09:41:33", "interpreter": 2, "result_type": "T", "revision": 16}}, {"pk": 162, "model": "codespeed.result", "fields": {"benchmark": 7, "value": 1.2717852592500001, "environment": 1, "date": "2010-01-27 09:41:33", "interpreter": 2, "result_type": "T", "revision": 16}}, {"pk": 163, "model": "codespeed.result", "fields": {"benchmark": 13, "value": 0.067063713073700001, "environment": 1, "date": "2010-01-27 09:41:33", "interpreter": 2, "result_type": "T", "revision": 16}}, {"pk": 164, "model": "codespeed.result", "fields": {"benchmark": 14, "value": 0.68799999999999994, "environment": 1, "date": "2010-01-27 09:41:33", "interpreter": 2, "result_type": "T", "revision": 16}}, {"pk": 165, "model": "codespeed.result", "fields": {"benchmark": 1, "value": 0.428143215179, "environment": 1, "date": "2010-01-27 09:41:34", "interpreter": 2, "result_type": "T", "revision": 17}}, {"pk": 166, "model": "codespeed.result", "fields": {"benchmark": 9, "value": 0.117868947983, "environment": 1, "date": "2010-01-27 09:41:34", "interpreter": 2, "result_type": "T", "revision": 17}}, {"pk": 167, "model": "codespeed.result", "fields": {"benchmark": 2, "value": 0.585657787323, "environment": 1, "date": "2010-01-27 09:41:34", "interpreter": 2, "result_type": "T", "revision": 17}}, {"pk": 168, "model": "codespeed.result", "fields": {"benchmark": 10, "value": 0.38937940597499998, "environment": 1, "date": "2010-01-27 09:41:34", "interpreter": 2, "result_type": "T", "revision": 17}}, {"pk": 169, "model": "codespeed.result", "fields": {"benchmark": 8, "value": 0.130286979675, "environment": 1, "date": "2010-01-27 09:41:34", "interpreter": 2, "result_type": "T", "revision": 17}}, {"pk": 170, "model": "codespeed.result", "fields": {"benchmark": 15, "value": 5.4381451606800004, "environment": 1, "date": "2010-01-27 09:41:34", "interpreter": 2, "result_type": "T", "revision": 17}}, {"pk": 171, "model": "codespeed.result", "fields": {"benchmark": 3, "value": 19.300865888600001, "environment": 1, "date": "2010-01-27 09:41:34", "interpreter": 2, "result_type": "T", "revision": 17}}, {"pk": 172, "model": "codespeed.result", "fields": {"benchmark": 11, "value": 0.39005379676800001, "environment": 1, "date": "2010-01-27 09:41:34", "interpreter": 2, "result_type": "T", "revision": 17}}, {"pk": 173, "model": "codespeed.result", "fields": {"benchmark": 12, "value": 0.073681354522599996, "environment": 1, "date": "2010-01-27 09:41:34", "interpreter": 2, "result_type": "T", "revision": 17}}, {"pk": 174, "model": "codespeed.result", "fields": {"benchmark": 4, "value": 0.027494049072299999, "environment": 1, "date": "2010-01-27 09:41:34", "interpreter": 2, "result_type": "T", "revision": 17}}, {"pk": 175, "model": "codespeed.result", "fields": {"benchmark": 5, "value": 1.39566936493, "environment": 1, "date": "2010-01-27 09:41:34", "interpreter": 2, "result_type": "T", "revision": 17}}, {"pk": 176, "model": "codespeed.result", "fields": {"benchmark": 6, "value": 1.9981239795700001, "environment": 1, "date": "2010-01-27 09:41:34", "interpreter": 2, "result_type": "T", "revision": 17}}, {"pk": 177, "model": "codespeed.result", "fields": {"benchmark": 7, "value": 1.21310677528, "environment": 1, "date": "2010-01-27 09:41:34", "interpreter": 2, "result_type": "T", "revision": 17}}, {"pk": 178, "model": "codespeed.result", "fields": {"benchmark": 13, "value": 0.0675278663635, "environment": 1, "date": "2010-01-27 09:41:34", "interpreter": 2, "result_type": "T", "revision": 17}}, {"pk": 179, "model": "codespeed.result", "fields": {"benchmark": 14, "value": 0.53000000000000003, "environment": 1, "date": "2010-01-27 09:41:34", "interpreter": 2, "result_type": "T", "revision": 17}}, {"pk": 180, "model": "codespeed.result", "fields": {"benchmark": 1, "value": 0.42251968383799998, "environment": 1, "date": "2010-01-27 09:41:35", "interpreter": 2, "result_type": "T", "revision": 18}}, {"pk": 181, "model": "codespeed.result", "fields": {"benchmark": 9, "value": 0.11669778823800001, "environment": 1, "date": "2010-01-27 09:41:35", "interpreter": 2, "result_type": "T", "revision": 18}}, {"pk": 182, "model": "codespeed.result", "fields": {"benchmark": 2, "value": 0.629346036911, "environment": 1, "date": "2010-01-27 09:41:35", "interpreter": 2, "result_type": "T", "revision": 18}}, {"pk": 183, "model": "codespeed.result", "fields": {"benchmark": 10, "value": 0.39522018432599998, "environment": 1, "date": "2010-01-27 09:41:35", "interpreter": 2, "result_type": "T", "revision": 18}}, {"pk": 184, "model": "codespeed.result", "fields": {"benchmark": 8, "value": 0.14308924675000001, "environment": 1, "date": "2010-01-27 09:41:35", "interpreter": 2, "result_type": "T", "revision": 18}}, {"pk": 185, "model": "codespeed.result", "fields": {"benchmark": 15, "value": 5.0056009292599999, "environment": 1, "date": "2010-01-27 09:41:35", "interpreter": 2, "result_type": "T", "revision": 18}}, {"pk": 186, "model": "codespeed.result", "fields": {"benchmark": 3, "value": 18.969789028200001, "environment": 1, "date": "2010-01-27 09:41:35", "interpreter": 2, "result_type": "T", "revision": 18}}, {"pk": 187, "model": "codespeed.result", "fields": {"benchmark": 11, "value": 0.38797254562400002, "environment": 1, "date": "2010-01-27 09:41:35", "interpreter": 2, "result_type": "T", "revision": 18}}, {"pk": 188, "model": "codespeed.result", "fields": {"benchmark": 12, "value": 0.072004508972299999, "environment": 1, "date": "2010-01-27 09:41:35", "interpreter": 2, "result_type": "T", "revision": 18}}, {"pk": 189, "model": "codespeed.result", "fields": {"benchmark": 4, "value": 0.027719545364400001, "environment": 1, "date": "2010-01-27 09:41:35", "interpreter": 2, "result_type": "T", "revision": 18}}, {"pk": 190, "model": "codespeed.result", "fields": {"benchmark": 5, "value": 1.4016525745399999, "environment": 1, "date": "2010-01-27 09:41:35", "interpreter": 2, "result_type": "T", "revision": 18}}, {"pk": 191, "model": "codespeed.result", "fields": {"benchmark": 6, "value": 2.0152218341800001, "environment": 1, "date": "2010-01-27 09:41:35", "interpreter": 2, "result_type": "T", "revision": 18}}, {"pk": 192, "model": "codespeed.result", "fields": {"benchmark": 7, "value": 1.2458042144799999, "environment": 1, "date": "2010-01-27 09:41:35", "interpreter": 2, "result_type": "T", "revision": 18}}, {"pk": 193, "model": "codespeed.result", "fields": {"benchmark": 13, "value": 0.066313076019300005, "environment": 1, "date": "2010-01-27 09:41:35", "interpreter": 2, "result_type": "T", "revision": 18}}, {"pk": 194, "model": "codespeed.result", "fields": {"benchmark": 14, "value": 0.52000000000000002, "environment": 1, "date": "2010-01-27 09:41:35", "interpreter": 2, "result_type": "T", "revision": 18}}, {"pk": 195, "model": "codespeed.result", "fields": {"benchmark": 1, "value": 0.44146103859000002, "environment": 1, "date": "2010-01-27 09:59:21", "interpreter": 2, "result_type": "T", "revision": 19}}, {"pk": 196, "model": "codespeed.result", "fields": {"benchmark": 9, "value": 0.116399478912, "environment": 1, "date": "2010-01-27 09:59:21", "interpreter": 2, "result_type": "T", "revision": 19}}, {"pk": 197, "model": "codespeed.result", "fields": {"benchmark": 2, "value": 0.56150536537200002, "environment": 1, "date": "2010-01-27 09:59:21", "interpreter": 2, "result_type": "T", "revision": 19}}, {"pk": 198, "model": "codespeed.result", "fields": {"benchmark": 10, "value": 0.37951617240899999, "environment": 1, "date": "2010-01-27 09:59:21", "interpreter": 2, "result_type": "T", "revision": 19}}, {"pk": 199, "model": "codespeed.result", "fields": {"benchmark": 8, "value": 0.14459261894200001, "environment": 1, "date": "2010-01-27 09:59:21", "interpreter": 2, "result_type": "T", "revision": 19}}, {"pk": 200, "model": "codespeed.result", "fields": {"benchmark": 15, "value": 5.2366421222700001, "environment": 1, "date": "2010-01-27 09:59:21", "interpreter": 2, "result_type": "T", "revision": 19}}, {"pk": 201, "model": "codespeed.result", "fields": {"benchmark": 3, "value": 18.872216939899999, "environment": 1, "date": "2010-01-27 09:59:21", "interpreter": 2, "result_type": "T", "revision": 19}}, {"pk": 202, "model": "codespeed.result", "fields": {"benchmark": 11, "value": 0.386883449554, "environment": 1, "date": "2010-01-27 09:59:21", "interpreter": 2, "result_type": "T", "revision": 19}}, {"pk": 203, "model": "codespeed.result", "fields": {"benchmark": 12, "value": 0.077071142196599995, "environment": 1, "date": "2010-01-27 09:59:21", "interpreter": 2, "result_type": "T", "revision": 19}}, {"pk": 204, "model": "codespeed.result", "fields": {"benchmark": 4, "value": 0.029833173751799998, "environment": 1, "date": "2010-01-27 09:59:21", "interpreter": 2, "result_type": "T", "revision": 19}}, {"pk": 205, "model": "codespeed.result", "fields": {"benchmark": 5, "value": 1.35280065537, "environment": 1, "date": "2010-01-27 09:59:21", "interpreter": 2, "result_type": "T", "revision": 19}}, {"pk": 206, "model": "codespeed.result", "fields": {"benchmark": 6, "value": 1.9402369976, "environment": 1, "date": "2010-01-27 09:59:21", "interpreter": 2, "result_type": "T", "revision": 19}}, {"pk": 207, "model": "codespeed.result", "fields": {"benchmark": 7, "value": 1.1963545799299999, "environment": 1, "date": "2010-01-27 09:59:21", "interpreter": 2, "result_type": "T", "revision": 19}}, {"pk": 208, "model": "codespeed.result", "fields": {"benchmark": 13, "value": 0.066495370864899997, "environment": 1, "date": "2010-01-27 09:59:21", "interpreter": 2, "result_type": "T", "revision": 19}}, {"pk": 209, "model": "codespeed.result", "fields": {"benchmark": 14, "value": 0.46600000000000003, "environment": 1, "date": "2010-01-27 09:59:21", "interpreter": 2, "result_type": "T", "revision": 19}}, {"pk": 210, "model": "codespeed.result", "fields": {"benchmark": 9, "value": 0.41516742706300003, "environment": 1, "date": "2010-02-08 13:08:45", "interpreter": 1, "result_type": "T", "revision": 3}}, {"pk": 211, "model": "codespeed.result", "fields": {"benchmark": 10, "value": 1.7969082355499999, "environment": 1, "date": "2010-02-08 13:08:45", "interpreter": 1, "result_type": "T", "revision": 3}}, {"pk": 212, "model": "codespeed.result", "fields": {"benchmark": 8, "value": 0.51016383171099999, "environment": 1, "date": "2010-02-08 13:08:45", "interpreter": 1, "result_type": "T", "revision": 3}}, {"pk": 213, "model": "codespeed.result", "fields": {"benchmark": 15, "value": 27.5813949108, "environment": 1, "date": "2010-02-08 13:08:45", "interpreter": 1, "result_type": "T", "revision": 3}}, {"pk": 214, "model": "codespeed.result", "fields": {"benchmark": 11, "value": 0.31261739730799998, "environment": 1, "date": "2010-02-08 13:08:45", "interpreter": 1, "result_type": "T", "revision": 3}}, {"pk": 215, "model": "codespeed.result", "fields": {"benchmark": 12, "value": 0.53436188697800002, "environment": 1, "date": "2010-02-08 13:08:45", "interpreter": 1, "result_type": "T", "revision": 3}}, {"pk": 216, "model": "codespeed.result", "fields": {"benchmark": 13, "value": 0.47912006378200001, "environment": 1, "date": "2010-02-08 13:08:45", "interpreter": 1, "result_type": "T", "revision": 3}}, {"pk": 217, "model": "codespeed.result", "fields": {"benchmark": 14, "value": 1.004, "environment": 1, "date": "2010-02-08 13:08:45", "interpreter": 1, "result_type": "T", "revision": 3}}, {"pk": 218, "model": "codespeed.result", "fields": {"benchmark": 1, "value": 0.43200035095200001, "environment": 1, "date": "2010-02-08 12:57:07", "interpreter": 2, "result_type": "T", "revision": 20}}, {"pk": 219, "model": "codespeed.result", "fields": {"benchmark": 9, "value": 0.117177915573, "environment": 1, "date": "2010-02-08 12:57:07", "interpreter": 2, "result_type": "T", "revision": 20}}, {"pk": 220, "model": "codespeed.result", "fields": {"benchmark": 2, "value": 0.53456697464000003, "environment": 1, "date": "2010-02-08 12:57:07", "interpreter": 2, "result_type": "T", "revision": 20}}, {"pk": 221, "model": "codespeed.result", "fields": {"benchmark": 10, "value": 0.37750501632700001, "environment": 1, "date": "2010-02-08 12:57:07", "interpreter": 2, "result_type": "T", "revision": 20}}, {"pk": 222, "model": "codespeed.result", "fields": {"benchmark": 8, "value": 0.143707418442, "environment": 1, "date": "2010-02-08 12:57:07", "interpreter": 2, "result_type": "T", "revision": 20}}, {"pk": 223, "model": "codespeed.result", "fields": {"benchmark": 15, "value": 5.0006799697900002, "environment": 1, "date": "2010-02-08 12:57:07", "interpreter": 2, "result_type": "T", "revision": 20}}, {"pk": 224, "model": "codespeed.result", "fields": {"benchmark": 3, "value": 16.459820032100001, "environment": 1, "date": "2010-02-08 12:57:07", "interpreter": 2, "result_type": "T", "revision": 20}}, {"pk": 225, "model": "codespeed.result", "fields": {"benchmark": 11, "value": 0.39029078483599999, "environment": 1, "date": "2010-02-08 12:57:07", "interpreter": 2, "result_type": "T", "revision": 20}}, {"pk": 226, "model": "codespeed.result", "fields": {"benchmark": 12, "value": 0.072830963134800003, "environment": 1, "date": "2010-02-08 12:57:07", "interpreter": 2, "result_type": "T", "revision": 20}}, {"pk": 227, "model": "codespeed.result", "fields": {"benchmark": 4, "value": 0.029026174545300001, "environment": 1, "date": "2010-02-08 12:57:07", "interpreter": 2, "result_type": "T", "revision": 20}}, {"pk": 228, "model": "codespeed.result", "fields": {"benchmark": 5, "value": 1.4049810409600001, "environment": 1, "date": "2010-02-08 12:57:07", "interpreter": 2, "result_type": "T", "revision": 20}}, {"pk": 229, "model": "codespeed.result", "fields": {"benchmark": 6, "value": 1.9356455802899999, "environment": 1, "date": "2010-02-08 12:57:07", "interpreter": 2, "result_type": "T", "revision": 20}}, {"pk": 230, "model": "codespeed.result", "fields": {"benchmark": 7, "value": 1.2247850418099999, "environment": 1, "date": "2010-02-08 12:57:07", "interpreter": 2, "result_type": "T", "revision": 20}}, {"pk": 231, "model": "codespeed.result", "fields": {"benchmark": 13, "value": 0.068435764312700001, "environment": 1, "date": "2010-02-08 12:57:07", "interpreter": 2, "result_type": "T", "revision": 20}}, {"pk": 232, "model": "codespeed.result", "fields": {"benchmark": 14, "value": 0.47799999999999998, "environment": 1, "date": "2010-02-08 12:57:07", "interpreter": 2, "result_type": "T", "revision": 20}}, {"pk": 233, "model": "codespeed.result", "fields": {"benchmark": 1, "value": 0.42829480171200002, "environment": 1, "date": "2010-02-08 12:57:08", "interpreter": 2, "result_type": "T", "revision": 21}}, {"pk": 234, "model": "codespeed.result", "fields": {"benchmark": 9, "value": 0.124062108994, "environment": 1, "date": "2010-02-08 12:57:08", "interpreter": 2, "result_type": "T", "revision": 21}}, {"pk": 235, "model": "codespeed.result", "fields": {"benchmark": 2, "value": 0.56471238136299995, "environment": 1, "date": "2010-02-08 12:57:08", "interpreter": 2, "result_type": "T", "revision": 21}}, {"pk": 236, "model": "codespeed.result", "fields": {"benchmark": 10, "value": 0.38404459953300002, "environment": 1, "date": "2010-02-08 12:57:08", "interpreter": 2, "result_type": "T", "revision": 21}}, {"pk": 237, "model": "codespeed.result", "fields": {"benchmark": 8, "value": 0.142818832398, "environment": 1, "date": "2010-02-08 12:57:08", "interpreter": 2, "result_type": "T", "revision": 21}}, {"pk": 238, "model": "codespeed.result", "fields": {"benchmark": 15, "value": 5.2628729343399998, "environment": 1, "date": "2010-02-08 12:57:08", "interpreter": 2, "result_type": "T", "revision": 21}}, {"pk": 239, "model": "codespeed.result", "fields": {"benchmark": 3, "value": 16.444487094900001, "environment": 1, "date": "2010-02-08 12:57:08", "interpreter": 2, "result_type": "T", "revision": 21}}, {"pk": 240, "model": "codespeed.result", "fields": {"benchmark": 11, "value": 0.39220576286300002, "environment": 1, "date": "2010-02-08 12:57:08", "interpreter": 2, "result_type": "T", "revision": 21}}, {"pk": 241, "model": "codespeed.result", "fields": {"benchmark": 12, "value": 0.073698616027800007, "environment": 1, "date": "2010-02-08 12:57:08", "interpreter": 2, "result_type": "T", "revision": 21}}, {"pk": 242, "model": "codespeed.result", "fields": {"benchmark": 4, "value": 0.02878241539, "environment": 1, "date": "2010-02-08 12:57:08", "interpreter": 2, "result_type": "T", "revision": 21}}, {"pk": 243, "model": "codespeed.result", "fields": {"benchmark": 5, "value": 1.3572861671400001, "environment": 1, "date": "2010-02-08 12:57:08", "interpreter": 2, "result_type": "T", "revision": 21}}, {"pk": 244, "model": "codespeed.result", "fields": {"benchmark": 6, "value": 1.99017038345, "environment": 1, "date": "2010-02-08 12:57:08", "interpreter": 2, "result_type": "T", "revision": 21}}, {"pk": 245, "model": "codespeed.result", "fields": {"benchmark": 7, "value": 1.2404726028399999, "environment": 1, "date": "2010-02-08 12:57:08", "interpreter": 2, "result_type": "T", "revision": 21}}, {"pk": 246, "model": "codespeed.result", "fields": {"benchmark": 13, "value": 0.067131233215400002, "environment": 1, "date": "2010-02-08 12:57:08", "interpreter": 2, "result_type": "T", "revision": 21}}, {"pk": 247, "model": "codespeed.result", "fields": {"benchmark": 14, "value": 0.47999999999999998, "environment": 1, "date": "2010-02-08 12:57:08", "interpreter": 2, "result_type": "T", "revision": 21}}, {"pk": 248, "model": "codespeed.result", "fields": {"benchmark": 1, "value": 0.43037562370299998, "environment": 1, "date": "2010-02-08 12:57:09", "interpreter": 2, "result_type": "T", "revision": 22}}, {"pk": 249, "model": "codespeed.result", "fields": {"benchmark": 9, "value": 0.121508789063, "environment": 1, "date": "2010-02-08 12:57:09", "interpreter": 2, "result_type": "T", "revision": 22}}, {"pk": 250, "model": "codespeed.result", "fields": {"benchmark": 2, "value": 0.50206098556500001, "environment": 1, "date": "2010-02-08 12:57:09", "interpreter": 2, "result_type": "T", "revision": 22}}, {"pk": 251, "model": "codespeed.result", "fields": {"benchmark": 10, "value": 0.37895998954799998, "environment": 1, "date": "2010-02-08 12:57:09", "interpreter": 2, "result_type": "T", "revision": 22}}, {"pk": 252, "model": "codespeed.result", "fields": {"benchmark": 8, "value": 0.14183044433600001, "environment": 1, "date": "2010-02-08 12:57:09", "interpreter": 2, "result_type": "T", "revision": 22}}, {"pk": 253, "model": "codespeed.result", "fields": {"benchmark": 15, "value": 5.1084389686599998, "environment": 1, "date": "2010-02-08 12:57:09", "interpreter": 2, "result_type": "T", "revision": 22}}, {"pk": 254, "model": "codespeed.result", "fields": {"benchmark": 3, "value": 16.209439992899998, "environment": 1, "date": "2010-02-08 12:57:09", "interpreter": 2, "result_type": "T", "revision": 22}}, {"pk": 255, "model": "codespeed.result", "fields": {"benchmark": 11, "value": 0.38838734626799998, "environment": 1, "date": "2010-02-08 12:57:09", "interpreter": 2, "result_type": "T", "revision": 22}}, {"pk": 256, "model": "codespeed.result", "fields": {"benchmark": 12, "value": 0.074748563766500006, "environment": 1, "date": "2010-02-08 12:57:09", "interpreter": 2, "result_type": "T", "revision": 22}}, {"pk": 257, "model": "codespeed.result", "fields": {"benchmark": 4, "value": 0.028778171539299999, "environment": 1, "date": "2010-02-08 12:57:09", "interpreter": 2, "result_type": "T", "revision": 22}}, {"pk": 258, "model": "codespeed.result", "fields": {"benchmark": 5, "value": 1.36066980362, "environment": 1, "date": "2010-02-08 12:57:09", "interpreter": 2, "result_type": "T", "revision": 22}}, {"pk": 259, "model": "codespeed.result", "fields": {"benchmark": 6, "value": 1.9895885467500001, "environment": 1, "date": "2010-02-08 12:57:09", "interpreter": 2, "result_type": "T", "revision": 22}}, {"pk": 260, "model": "codespeed.result", "fields": {"benchmark": 7, "value": 1.2577526569399999, "environment": 1, "date": "2010-02-08 12:57:09", "interpreter": 2, "result_type": "T", "revision": 22}}, {"pk": 261, "model": "codespeed.result", "fields": {"benchmark": 13, "value": 0.067212057113599996, "environment": 1, "date": "2010-02-08 12:57:09", "interpreter": 2, "result_type": "T", "revision": 22}}, {"pk": 262, "model": "codespeed.result", "fields": {"benchmark": 14, "value": 0.47799999999999998, "environment": 1, "date": "2010-02-08 12:57:09", "interpreter": 2, "result_type": "T", "revision": 22}}, {"pk": 263, "model": "codespeed.result", "fields": {"benchmark": 1, "value": 0.45690660476700001, "environment": 1, "date": "2010-02-08 12:57:10", "interpreter": 2, "result_type": "T", "revision": 23}}, {"pk": 264, "model": "codespeed.result", "fields": {"benchmark": 9, "value": 0.120519590378, "environment": 1, "date": "2010-02-08 12:57:10", "interpreter": 2, "result_type": "T", "revision": 23}}, {"pk": 265, "model": "codespeed.result", "fields": {"benchmark": 2, "value": 0.54817218780499999, "environment": 1, "date": "2010-02-08 12:57:10", "interpreter": 2, "result_type": "T", "revision": 23}}, {"pk": 266, "model": "codespeed.result", "fields": {"benchmark": 10, "value": 0.39389805793799998, "environment": 1, "date": "2010-02-08 12:57:10", "interpreter": 2, "result_type": "T", "revision": 23}}, {"pk": 267, "model": "codespeed.result", "fields": {"benchmark": 8, "value": 0.15938162803600001, "environment": 1, "date": "2010-02-08 12:57:10", "interpreter": 2, "result_type": "T", "revision": 23}}, {"pk": 268, "model": "codespeed.result", "fields": {"benchmark": 15, "value": 5.1659770011899999, "environment": 1, "date": "2010-02-08 12:57:10", "interpreter": 2, "result_type": "T", "revision": 23}}, {"pk": 269, "model": "codespeed.result", "fields": {"benchmark": 3, "value": 16.709064960500001, "environment": 1, "date": "2010-02-08 12:57:10", "interpreter": 2, "result_type": "T", "revision": 23}}, {"pk": 270, "model": "codespeed.result", "fields": {"benchmark": 11, "value": 0.39093775749199999, "environment": 1, "date": "2010-02-08 12:57:10", "interpreter": 2, "result_type": "T", "revision": 23}}, {"pk": 271, "model": "codespeed.result", "fields": {"benchmark": 12, "value": 0.079464387893800004, "environment": 1, "date": "2010-02-08 12:57:10", "interpreter": 2, "result_type": "T", "revision": 23}}, {"pk": 272, "model": "codespeed.result", "fields": {"benchmark": 4, "value": 0.029051446914700001, "environment": 1, "date": "2010-02-08 12:57:10", "interpreter": 2, "result_type": "T", "revision": 23}}, {"pk": 273, "model": "codespeed.result", "fields": {"benchmark": 5, "value": 1.33928961754, "environment": 1, "date": "2010-02-08 12:57:10", "interpreter": 2, "result_type": "T", "revision": 23}}, {"pk": 274, "model": "codespeed.result", "fields": {"benchmark": 6, "value": 1.8708491325400001, "environment": 1, "date": "2010-02-08 12:57:10", "interpreter": 2, "result_type": "T", "revision": 23}}, {"pk": 275, "model": "codespeed.result", "fields": {"benchmark": 7, "value": 1.2492036342599999, "environment": 1, "date": "2010-02-08 12:57:10", "interpreter": 2, "result_type": "T", "revision": 23}}, {"pk": 276, "model": "codespeed.result", "fields": {"benchmark": 13, "value": 0.068829250335700004, "environment": 1, "date": "2010-02-08 12:57:10", "interpreter": 2, "result_type": "T", "revision": 23}}, {"pk": 277, "model": "codespeed.result", "fields": {"benchmark": 14, "value": 0.46999999999999997, "environment": 1, "date": "2010-02-08 12:57:10", "interpreter": 2, "result_type": "T", "revision": 23}}, {"pk": 278, "model": "codespeed.result", "fields": {"benchmark": 1, "value": 0.44754805564900002, "environment": 1, "date": "2010-02-08 12:57:11", "interpreter": 2, "result_type": "T", "revision": 24}}, {"pk": 279, "model": "codespeed.result", "fields": {"benchmark": 9, "value": 0.12157001495399999, "environment": 1, "date": "2010-02-08 12:57:11", "interpreter": 2, "result_type": "T", "revision": 24}}, {"pk": 280, "model": "codespeed.result", "fields": {"benchmark": 2, "value": 0.53904900550799995, "environment": 1, "date": "2010-02-08 12:57:11", "interpreter": 2, "result_type": "T", "revision": 24}}, {"pk": 281, "model": "codespeed.result", "fields": {"benchmark": 10, "value": 0.39877815246600001, "environment": 1, "date": "2010-02-08 12:57:11", "interpreter": 2, "result_type": "T", "revision": 24}}, {"pk": 282, "model": "codespeed.result", "fields": {"benchmark": 8, "value": 0.141833972931, "environment": 1, "date": "2010-02-08 12:57:11", "interpreter": 2, "result_type": "T", "revision": 24}}, {"pk": 283, "model": "codespeed.result", "fields": {"benchmark": 15, "value": 5.1433038711499997, "environment": 1, "date": "2010-02-08 12:57:11", "interpreter": 2, "result_type": "T", "revision": 24}}, {"pk": 284, "model": "codespeed.result", "fields": {"benchmark": 3, "value": 16.2865948677, "environment": 1, "date": "2010-02-08 12:57:11", "interpreter": 2, "result_type": "T", "revision": 24}}, {"pk": 285, "model": "codespeed.result", "fields": {"benchmark": 11, "value": 0.38513965606700001, "environment": 1, "date": "2010-02-08 12:57:11", "interpreter": 2, "result_type": "T", "revision": 24}}, {"pk": 286, "model": "codespeed.result", "fields": {"benchmark": 12, "value": 0.078276109695500001, "environment": 1, "date": "2010-02-08 12:57:11", "interpreter": 2, "result_type": "T", "revision": 24}}, {"pk": 287, "model": "codespeed.result", "fields": {"benchmark": 4, "value": 0.028567647934, "environment": 1, "date": "2010-02-08 12:57:11", "interpreter": 2, "result_type": "T", "revision": 24}}, {"pk": 288, "model": "codespeed.result", "fields": {"benchmark": 5, "value": 1.3498888492600001, "environment": 1, "date": "2010-02-08 12:57:11", "interpreter": 2, "result_type": "T", "revision": 24}}, {"pk": 289, "model": "codespeed.result", "fields": {"benchmark": 6, "value": 1.5695494651799999, "environment": 1, "date": "2010-02-08 12:57:11", "interpreter": 2, "result_type": "T", "revision": 24}}, {"pk": 290, "model": "codespeed.result", "fields": {"benchmark": 7, "value": 1.2771122932500001, "environment": 1, "date": "2010-02-08 12:57:11", "interpreter": 2, "result_type": "T", "revision": 24}}, {"pk": 291, "model": "codespeed.result", "fields": {"benchmark": 13, "value": 0.065087032318099994, "environment": 1, "date": "2010-02-08 12:57:11", "interpreter": 2, "result_type": "T", "revision": 24}}, {"pk": 292, "model": "codespeed.result", "fields": {"benchmark": 14, "value": 0.47999999999999998, "environment": 1, "date": "2010-02-08 12:57:11", "interpreter": 2, "result_type": "T", "revision": 24}}, {"pk": 293, "model": "codespeed.result", "fields": {"benchmark": 1, "value": 0.43687658309900002, "environment": 1, "date": "2010-02-08 12:57:13", "interpreter": 2, "result_type": "T", "revision": 25}}, {"pk": 294, "model": "codespeed.result", "fields": {"benchmark": 9, "value": 0.11778059005700001, "environment": 1, "date": "2010-02-08 12:57:13", "interpreter": 2, "result_type": "T", "revision": 25}}, {"pk": 295, "model": "codespeed.result", "fields": {"benchmark": 2, "value": 0.55812158584600002, "environment": 1, "date": "2010-02-08 12:57:13", "interpreter": 2, "result_type": "T", "revision": 25}}, {"pk": 296, "model": "codespeed.result", "fields": {"benchmark": 10, "value": 0.39432578086800002, "environment": 1, "date": "2010-02-08 12:57:13", "interpreter": 2, "result_type": "T", "revision": 25}}, {"pk": 297, "model": "codespeed.result", "fields": {"benchmark": 8, "value": 0.14308495521600001, "environment": 1, "date": "2010-02-08 12:57:13", "interpreter": 2, "result_type": "T", "revision": 25}}, {"pk": 298, "model": "codespeed.result", "fields": {"benchmark": 15, "value": 5.1556611061100002, "environment": 1, "date": "2010-02-08 12:57:13", "interpreter": 2, "result_type": "T", "revision": 25}}, {"pk": 299, "model": "codespeed.result", "fields": {"benchmark": 3, "value": 16.827883958800001, "environment": 1, "date": "2010-02-08 12:57:13", "interpreter": 2, "result_type": "T", "revision": 25}}, {"pk": 300, "model": "codespeed.result", "fields": {"benchmark": 11, "value": 0.37860097885100003, "environment": 1, "date": "2010-02-08 12:57:13", "interpreter": 2, "result_type": "T", "revision": 25}}, {"pk": 301, "model": "codespeed.result", "fields": {"benchmark": 12, "value": 0.0791513442993, "environment": 1, "date": "2010-02-08 12:57:13", "interpreter": 2, "result_type": "T", "revision": 25}}, {"pk": 302, "model": "codespeed.result", "fields": {"benchmark": 4, "value": 0.028306150436400002, "environment": 1, "date": "2010-02-08 12:57:13", "interpreter": 2, "result_type": "T", "revision": 25}}, {"pk": 303, "model": "codespeed.result", "fields": {"benchmark": 5, "value": 1.3929077625299999, "environment": 1, "date": "2010-02-08 12:57:13", "interpreter": 2, "result_type": "T", "revision": 25}}, {"pk": 304, "model": "codespeed.result", "fields": {"benchmark": 6, "value": 1.57587604523, "environment": 1, "date": "2010-02-08 12:57:13", "interpreter": 2, "result_type": "T", "revision": 25}}, {"pk": 305, "model": "codespeed.result", "fields": {"benchmark": 7, "value": 1.22806482315, "environment": 1, "date": "2010-02-08 12:57:13", "interpreter": 2, "result_type": "T", "revision": 25}}, {"pk": 306, "model": "codespeed.result", "fields": {"benchmark": 13, "value": 0.066839694976799993, "environment": 1, "date": "2010-02-08 12:57:13", "interpreter": 2, "result_type": "T", "revision": 25}}, {"pk": 307, "model": "codespeed.result", "fields": {"benchmark": 14, "value": 0.496, "environment": 1, "date": "2010-02-08 12:57:13", "interpreter": 2, "result_type": "T", "revision": 25}}, {"pk": 308, "model": "codespeed.result", "fields": {"benchmark": 1, "value": 0.45311346054099999, "environment": 1, "date": "2010-02-08 12:57:14", "interpreter": 2, "result_type": "T", "revision": 26}}, {"pk": 309, "model": "codespeed.result", "fields": {"benchmark": 9, "value": 0.120071363449, "environment": 1, "date": "2010-02-08 12:57:14", "interpreter": 2, "result_type": "T", "revision": 26}}, {"pk": 310, "model": "codespeed.result", "fields": {"benchmark": 2, "value": 0.52496376037600001, "environment": 1, "date": "2010-02-08 12:57:14", "interpreter": 2, "result_type": "T", "revision": 26}}, {"pk": 311, "model": "codespeed.result", "fields": {"benchmark": 10, "value": 0.38780541419999998, "environment": 1, "date": "2010-02-08 12:57:14", "interpreter": 2, "result_type": "T", "revision": 26}}, {"pk": 312, "model": "codespeed.result", "fields": {"benchmark": 8, "value": 0.128447532654, "environment": 1, "date": "2010-02-08 12:57:14", "interpreter": 2, "result_type": "T", "revision": 26}}, {"pk": 313, "model": "codespeed.result", "fields": {"benchmark": 15, "value": 4.9577949047100001, "environment": 1, "date": "2010-02-08 12:57:14", "interpreter": 2, "result_type": "T", "revision": 26}}, {"pk": 314, "model": "codespeed.result", "fields": {"benchmark": 3, "value": 16.4755749702, "environment": 1, "date": "2010-02-08 12:57:14", "interpreter": 2, "result_type": "T", "revision": 26}}, {"pk": 315, "model": "codespeed.result", "fields": {"benchmark": 11, "value": 0.38462038040199997, "environment": 1, "date": "2010-02-08 12:57:14", "interpreter": 2, "result_type": "T", "revision": 26}}, {"pk": 316, "model": "codespeed.result", "fields": {"benchmark": 12, "value": 0.078198528289700003, "environment": 1, "date": "2010-02-08 12:57:14", "interpreter": 2, "result_type": "T", "revision": 26}}, {"pk": 317, "model": "codespeed.result", "fields": {"benchmark": 4, "value": 0.028803586959799999, "environment": 1, "date": "2010-02-08 12:57:14", "interpreter": 2, "result_type": "T", "revision": 26}}, {"pk": 318, "model": "codespeed.result", "fields": {"benchmark": 5, "value": 1.35955696106, "environment": 1, "date": "2010-02-08 12:57:14", "interpreter": 2, "result_type": "T", "revision": 26}}, {"pk": 319, "model": "codespeed.result", "fields": {"benchmark": 6, "value": 1.5860638141600001, "environment": 1, "date": "2010-02-08 12:57:14", "interpreter": 2, "result_type": "T", "revision": 26}}, {"pk": 320, "model": "codespeed.result", "fields": {"benchmark": 7, "value": 1.23515124321, "environment": 1, "date": "2010-02-08 12:57:14", "interpreter": 2, "result_type": "T", "revision": 26}}, {"pk": 321, "model": "codespeed.result", "fields": {"benchmark": 13, "value": 0.070180845260600005, "environment": 1, "date": "2010-02-08 12:57:14", "interpreter": 2, "result_type": "T", "revision": 26}}, {"pk": 322, "model": "codespeed.result", "fields": {"benchmark": 14, "value": 0.46400000000000002, "environment": 1, "date": "2010-02-08 12:57:14", "interpreter": 2, "result_type": "T", "revision": 26}}, {"pk": 323, "model": "codespeed.result", "fields": {"benchmark": 1, "value": 0.44099764823900001, "environment": 1, "date": "2010-02-08 12:57:15", "interpreter": 2, "result_type": "T", "revision": 27}}, {"pk": 324, "model": "codespeed.result", "fields": {"benchmark": 9, "value": 0.116354751587, "environment": 1, "date": "2010-02-08 12:57:15", "interpreter": 2, "result_type": "T", "revision": 27}}, {"pk": 325, "model": "codespeed.result", "fields": {"benchmark": 2, "value": 0.49744930267300003, "environment": 1, "date": "2010-02-08 12:57:15", "interpreter": 2, "result_type": "T", "revision": 27}}, {"pk": 326, "model": "codespeed.result", "fields": {"benchmark": 10, "value": 0.38121018409700003, "environment": 1, "date": "2010-02-08 12:57:15", "interpreter": 2, "result_type": "T", "revision": 27}}, {"pk": 327, "model": "codespeed.result", "fields": {"benchmark": 8, "value": 0.143323135376, "environment": 1, "date": "2010-02-08 12:57:15", "interpreter": 2, "result_type": "T", "revision": 27}}, {"pk": 328, "model": "codespeed.result", "fields": {"benchmark": 15, "value": 4.9482378959700002, "environment": 1, "date": "2010-02-08 12:57:15", "interpreter": 2, "result_type": "T", "revision": 27}}, {"pk": 329, "model": "codespeed.result", "fields": {"benchmark": 3, "value": 13.7915890217, "environment": 1, "date": "2010-02-08 12:57:15", "interpreter": 2, "result_type": "T", "revision": 27}}, {"pk": 330, "model": "codespeed.result", "fields": {"benchmark": 11, "value": 0.38683800697300003, "environment": 1, "date": "2010-02-08 12:57:15", "interpreter": 2, "result_type": "T", "revision": 27}}, {"pk": 331, "model": "codespeed.result", "fields": {"benchmark": 12, "value": 0.079219770431399994, "environment": 1, "date": "2010-02-08 12:57:15", "interpreter": 2, "result_type": "T", "revision": 27}}, {"pk": 332, "model": "codespeed.result", "fields": {"benchmark": 4, "value": 0.0284921646118, "environment": 1, "date": "2010-02-08 12:57:15", "interpreter": 2, "result_type": "T", "revision": 27}}, {"pk": 333, "model": "codespeed.result", "fields": {"benchmark": 5, "value": 1.34892821312, "environment": 1, "date": "2010-02-08 12:57:15", "interpreter": 2, "result_type": "T", "revision": 27}}, {"pk": 334, "model": "codespeed.result", "fields": {"benchmark": 6, "value": 1.5913082599599999, "environment": 1, "date": "2010-02-08 12:57:15", "interpreter": 2, "result_type": "T", "revision": 27}}, {"pk": 335, "model": "codespeed.result", "fields": {"benchmark": 7, "value": 1.22848973274, "environment": 1, "date": "2010-02-08 12:57:15", "interpreter": 2, "result_type": "T", "revision": 27}}, {"pk": 336, "model": "codespeed.result", "fields": {"benchmark": 13, "value": 0.066678333282500002, "environment": 1, "date": "2010-02-08 12:57:15", "interpreter": 2, "result_type": "T", "revision": 27}}, {"pk": 337, "model": "codespeed.result", "fields": {"benchmark": 14, "value": 0.432, "environment": 1, "date": "2010-02-08 12:57:15", "interpreter": 2, "result_type": "T", "revision": 27}}, {"pk": 338, "model": "codespeed.result", "fields": {"benchmark": 1, "value": 0.43412504196200002, "environment": 1, "date": "2010-02-08 12:57:16", "interpreter": 2, "result_type": "T", "revision": 28}}, {"pk": 339, "model": "codespeed.result", "fields": {"benchmark": 9, "value": 0.11484541893, "environment": 1, "date": "2010-02-08 12:57:16", "interpreter": 2, "result_type": "T", "revision": 28}}, {"pk": 340, "model": "codespeed.result", "fields": {"benchmark": 2, "value": 0.51569437980699995, "environment": 1, "date": "2010-02-08 12:57:16", "interpreter": 2, "result_type": "T", "revision": 28}}, {"pk": 341, "model": "codespeed.result", "fields": {"benchmark": 10, "value": 0.38811478614799999, "environment": 1, "date": "2010-02-08 12:57:16", "interpreter": 2, "result_type": "T", "revision": 28}}, {"pk": 342, "model": "codespeed.result", "fields": {"benchmark": 8, "value": 0.14066257476800001, "environment": 1, "date": "2010-02-08 12:57:16", "interpreter": 2, "result_type": "T", "revision": 28}}, {"pk": 343, "model": "codespeed.result", "fields": {"benchmark": 15, "value": 5.1109030246699998, "environment": 1, "date": "2010-02-08 12:57:16", "interpreter": 2, "result_type": "T", "revision": 28}}, {"pk": 344, "model": "codespeed.result", "fields": {"benchmark": 3, "value": 12.547342062, "environment": 1, "date": "2010-02-08 12:57:16", "interpreter": 2, "result_type": "T", "revision": 28}}, {"pk": 345, "model": "codespeed.result", "fields": {"benchmark": 11, "value": 0.51018061637900003, "environment": 1, "date": "2010-02-08 12:57:16", "interpreter": 2, "result_type": "T", "revision": 28}}, {"pk": 346, "model": "codespeed.result", "fields": {"benchmark": 12, "value": 0.079201698303299997, "environment": 1, "date": "2010-02-08 12:57:16", "interpreter": 2, "result_type": "T", "revision": 28}}, {"pk": 347, "model": "codespeed.result", "fields": {"benchmark": 4, "value": 0.027072429657000002, "environment": 1, "date": "2010-02-08 12:57:16", "interpreter": 2, "result_type": "T", "revision": 28}}, {"pk": 348, "model": "codespeed.result", "fields": {"benchmark": 5, "value": 1.3053493976599999, "environment": 1, "date": "2010-02-08 12:57:16", "interpreter": 2, "result_type": "T", "revision": 28}}, {"pk": 349, "model": "codespeed.result", "fields": {"benchmark": 6, "value": 1.5995460510199999, "environment": 1, "date": "2010-02-08 12:57:16", "interpreter": 2, "result_type": "T", "revision": 28}}, {"pk": 350, "model": "codespeed.result", "fields": {"benchmark": 7, "value": 1.09114394188, "environment": 1, "date": "2010-02-08 12:57:16", "interpreter": 2, "result_type": "T", "revision": 28}}, {"pk": 351, "model": "codespeed.result", "fields": {"benchmark": 13, "value": 0.067341756820699997, "environment": 1, "date": "2010-02-08 12:57:16", "interpreter": 2, "result_type": "T", "revision": 28}}, {"pk": 352, "model": "codespeed.result", "fields": {"benchmark": 14, "value": 0.41999999999999998, "environment": 1, "date": "2010-02-08 12:57:16", "interpreter": 2, "result_type": "T", "revision": 28}}, {"pk": 353, "model": "codespeed.result", "fields": {"benchmark": 1, "value": 0.43453879356399999, "environment": 1, "date": "2010-02-08 12:57:17", "interpreter": 2, "result_type": "T", "revision": 29}}, {"pk": 354, "model": "codespeed.result", "fields": {"benchmark": 9, "value": 0.11760058403, "environment": 1, "date": "2010-02-08 12:57:17", "interpreter": 2, "result_type": "T", "revision": 29}}, {"pk": 355, "model": "codespeed.result", "fields": {"benchmark": 2, "value": 0.50038580894499995, "environment": 1, "date": "2010-02-08 12:57:17", "interpreter": 2, "result_type": "T", "revision": 29}}, {"pk": 356, "model": "codespeed.result", "fields": {"benchmark": 10, "value": 0.38978376388500002, "environment": 1, "date": "2010-02-08 12:57:17", "interpreter": 2, "result_type": "T", "revision": 29}}, {"pk": 357, "model": "codespeed.result", "fields": {"benchmark": 8, "value": 0.126835155487, "environment": 1, "date": "2010-02-08 12:57:17", "interpreter": 2, "result_type": "T", "revision": 29}}, {"pk": 358, "model": "codespeed.result", "fields": {"benchmark": 15, "value": 5.0113921165499997, "environment": 1, "date": "2010-02-08 12:57:17", "interpreter": 2, "result_type": "T", "revision": 29}}, {"pk": 359, "model": "codespeed.result", "fields": {"benchmark": 3, "value": 12.472515106199999, "environment": 1, "date": "2010-02-08 12:57:17", "interpreter": 2, "result_type": "T", "revision": 29}}, {"pk": 360, "model": "codespeed.result", "fields": {"benchmark": 11, "value": 0.37842659950300001, "environment": 1, "date": "2010-02-08 12:57:17", "interpreter": 2, "result_type": "T", "revision": 29}}, {"pk": 361, "model": "codespeed.result", "fields": {"benchmark": 12, "value": 0.081173038482699994, "environment": 1, "date": "2010-02-08 12:57:17", "interpreter": 2, "result_type": "T", "revision": 29}}, {"pk": 362, "model": "codespeed.result", "fields": {"benchmark": 4, "value": 0.028962564468399999, "environment": 1, "date": "2010-02-08 12:57:17", "interpreter": 2, "result_type": "T", "revision": 29}}, {"pk": 363, "model": "codespeed.result", "fields": {"benchmark": 5, "value": 1.3032561779, "environment": 1, "date": "2010-02-08 12:57:17", "interpreter": 2, "result_type": "T", "revision": 29}}, {"pk": 364, "model": "codespeed.result", "fields": {"benchmark": 6, "value": 1.5998044490800001, "environment": 1, "date": "2010-02-08 12:57:17", "interpreter": 2, "result_type": "T", "revision": 29}}, {"pk": 365, "model": "codespeed.result", "fields": {"benchmark": 7, "value": 1.0052612304699999, "environment": 1, "date": "2010-02-08 12:57:17", "interpreter": 2, "result_type": "T", "revision": 29}}, {"pk": 366, "model": "codespeed.result", "fields": {"benchmark": 13, "value": 0.067598628997800003, "environment": 1, "date": "2010-02-08 12:57:17", "interpreter": 2, "result_type": "T", "revision": 29}}, {"pk": 367, "model": "codespeed.result", "fields": {"benchmark": 14, "value": 0.42799999999999999, "environment": 1, "date": "2010-02-08 12:57:17", "interpreter": 2, "result_type": "T", "revision": 29}}, {"pk": 368, "model": "codespeed.result", "fields": {"benchmark": 1, "value": 0.43935694694499999, "environment": 1, "date": "2010-02-08 12:57:18", "interpreter": 2, "result_type": "T", "revision": 30}}, {"pk": 369, "model": "codespeed.result", "fields": {"benchmark": 9, "value": 0.11619195938100001, "environment": 1, "date": "2010-02-08 12:57:18", "interpreter": 2, "result_type": "T", "revision": 30}}, {"pk": 370, "model": "codespeed.result", "fields": {"benchmark": 2, "value": 0.53101701736499995, "environment": 1, "date": "2010-02-08 12:57:18", "interpreter": 2, "result_type": "T", "revision": 30}}, {"pk": 371, "model": "codespeed.result", "fields": {"benchmark": 10, "value": 0.38734254836999998, "environment": 1, "date": "2010-02-08 12:57:18", "interpreter": 2, "result_type": "T", "revision": 30}}, {"pk": 372, "model": "codespeed.result", "fields": {"benchmark": 8, "value": 0.142231178284, "environment": 1, "date": "2010-02-08 12:57:18", "interpreter": 2, "result_type": "T", "revision": 30}}, {"pk": 373, "model": "codespeed.result", "fields": {"benchmark": 15, "value": 5.0254831314099997, "environment": 1, "date": "2010-02-08 12:57:18", "interpreter": 2, "result_type": "T", "revision": 30}}, {"pk": 374, "model": "codespeed.result", "fields": {"benchmark": 3, "value": 12.6835122108, "environment": 1, "date": "2010-02-08 12:57:18", "interpreter": 2, "result_type": "T", "revision": 30}}, {"pk": 375, "model": "codespeed.result", "fields": {"benchmark": 11, "value": 0.38142361640900002, "environment": 1, "date": "2010-02-08 12:57:18", "interpreter": 2, "result_type": "T", "revision": 30}}, {"pk": 376, "model": "codespeed.result", "fields": {"benchmark": 12, "value": 0.078077650070199997, "environment": 1, "date": "2010-02-08 12:57:18", "interpreter": 2, "result_type": "T", "revision": 30}}, {"pk": 377, "model": "codespeed.result", "fields": {"benchmark": 4, "value": 0.0292743682861, "environment": 1, "date": "2010-02-08 12:57:18", "interpreter": 2, "result_type": "T", "revision": 30}}, {"pk": 378, "model": "codespeed.result", "fields": {"benchmark": 5, "value": 1.3089139461499999, "environment": 1, "date": "2010-02-08 12:57:18", "interpreter": 2, "result_type": "T", "revision": 30}}, {"pk": 379, "model": "codespeed.result", "fields": {"benchmark": 6, "value": 1.60704088211, "environment": 1, "date": "2010-02-08 12:57:18", "interpreter": 2, "result_type": "T", "revision": 30}}, {"pk": 380, "model": "codespeed.result", "fields": {"benchmark": 7, "value": 1.0411904335, "environment": 1, "date": "2010-02-08 12:57:18", "interpreter": 2, "result_type": "T", "revision": 30}}, {"pk": 381, "model": "codespeed.result", "fields": {"benchmark": 13, "value": 0.067225265502900006, "environment": 1, "date": "2010-02-08 12:57:18", "interpreter": 2, "result_type": "T", "revision": 30}}, {"pk": 382, "model": "codespeed.result", "fields": {"benchmark": 14, "value": 0.434, "environment": 1, "date": "2010-02-08 12:57:18", "interpreter": 2, "result_type": "T", "revision": 30}}, {"pk": 383, "model": "codespeed.result", "fields": {"benchmark": 1, "value": 0.44037966728200001, "environment": 1, "date": "2010-02-08 12:57:19", "interpreter": 2, "result_type": "T", "revision": 31}}, {"pk": 384, "model": "codespeed.result", "fields": {"benchmark": 9, "value": 0.11571192741399999, "environment": 1, "date": "2010-02-08 12:57:19", "interpreter": 2, "result_type": "T", "revision": 31}}, {"pk": 385, "model": "codespeed.result", "fields": {"benchmark": 2, "value": 0.51071386337299995, "environment": 1, "date": "2010-02-08 12:57:19", "interpreter": 2, "result_type": "T", "revision": 31}}, {"pk": 386, "model": "codespeed.result", "fields": {"benchmark": 10, "value": 0.38245801925700001, "environment": 1, "date": "2010-02-08 12:57:19", "interpreter": 2, "result_type": "T", "revision": 31}}, {"pk": 387, "model": "codespeed.result", "fields": {"benchmark": 8, "value": 0.125499439239, "environment": 1, "date": "2010-02-08 12:57:19", "interpreter": 2, "result_type": "T", "revision": 31}}, {"pk": 388, "model": "codespeed.result", "fields": {"benchmark": 15, "value": 4.8924760818499999, "environment": 1, "date": "2010-02-08 12:57:19", "interpreter": 2, "result_type": "T", "revision": 31}}, {"pk": 389, "model": "codespeed.result", "fields": {"benchmark": 3, "value": 12.6689431667, "environment": 1, "date": "2010-02-08 12:57:19", "interpreter": 2, "result_type": "T", "revision": 31}}, {"pk": 390, "model": "codespeed.result", "fields": {"benchmark": 11, "value": 0.382358026505, "environment": 1, "date": "2010-02-08 12:57:19", "interpreter": 2, "result_type": "T", "revision": 31}}, {"pk": 391, "model": "codespeed.result", "fields": {"benchmark": 12, "value": 0.078869438171400005, "environment": 1, "date": "2010-02-08 12:57:19", "interpreter": 2, "result_type": "T", "revision": 31}}, {"pk": 392, "model": "codespeed.result", "fields": {"benchmark": 4, "value": 0.0268948078156, "environment": 1, "date": "2010-02-08 12:57:19", "interpreter": 2, "result_type": "T", "revision": 31}}, {"pk": 393, "model": "codespeed.result", "fields": {"benchmark": 5, "value": 1.31747603416, "environment": 1, "date": "2010-02-08 12:57:19", "interpreter": 2, "result_type": "T", "revision": 31}}, {"pk": 394, "model": "codespeed.result", "fields": {"benchmark": 6, "value": 1.5961161613499999, "environment": 1, "date": "2010-02-08 12:57:19", "interpreter": 2, "result_type": "T", "revision": 31}}, {"pk": 395, "model": "codespeed.result", "fields": {"benchmark": 7, "value": 1.02343401909, "environment": 1, "date": "2010-02-08 12:57:19", "interpreter": 2, "result_type": "T", "revision": 31}}, {"pk": 396, "model": "codespeed.result", "fields": {"benchmark": 13, "value": 0.065925025939900003, "environment": 1, "date": "2010-02-08 12:57:19", "interpreter": 2, "result_type": "T", "revision": 31}}, {"pk": 397, "model": "codespeed.result", "fields": {"benchmark": 14, "value": 0.42599999999999999, "environment": 1, "date": "2010-02-08 12:57:19", "interpreter": 2, "result_type": "T", "revision": 31}}, {"pk": 398, "model": "codespeed.result", "fields": {"benchmark": 1, "value": 0.44511313438400002, "environment": 1, "date": "2010-02-08 12:57:20", "interpreter": 2, "result_type": "T", "revision": 32}}, {"pk": 399, "model": "codespeed.result", "fields": {"benchmark": 9, "value": 0.123738050461, "environment": 1, "date": "2010-02-08 12:57:20", "interpreter": 2, "result_type": "T", "revision": 32}}, {"pk": 400, "model": "codespeed.result", "fields": {"benchmark": 2, "value": 0.52820878028899998, "environment": 1, "date": "2010-02-08 12:57:20", "interpreter": 2, "result_type": "T", "revision": 32}}, {"pk": 401, "model": "codespeed.result", "fields": {"benchmark": 10, "value": 0.38264322280899998, "environment": 1, "date": "2010-02-08 12:57:20", "interpreter": 2, "result_type": "T", "revision": 32}}, {"pk": 402, "model": "codespeed.result", "fields": {"benchmark": 8, "value": 0.14330682754499999, "environment": 1, "date": "2010-02-08 12:57:20", "interpreter": 2, "result_type": "T", "revision": 32}}, {"pk": 403, "model": "codespeed.result", "fields": {"benchmark": 15, "value": 4.9724481105800002, "environment": 1, "date": "2010-02-08 12:57:20", "interpreter": 2, "result_type": "T", "revision": 32}}, {"pk": 404, "model": "codespeed.result", "fields": {"benchmark": 3, "value": 12.7132329941, "environment": 1, "date": "2010-02-08 12:57:20", "interpreter": 2, "result_type": "T", "revision": 32}}, {"pk": 405, "model": "codespeed.result", "fields": {"benchmark": 11, "value": 0.38648300170900002, "environment": 1, "date": "2010-02-08 12:57:20", "interpreter": 2, "result_type": "T", "revision": 32}}, {"pk": 406, "model": "codespeed.result", "fields": {"benchmark": 12, "value": 0.080526351928700002, "environment": 1, "date": "2010-02-08 12:57:20", "interpreter": 2, "result_type": "T", "revision": 32}}, {"pk": 407, "model": "codespeed.result", "fields": {"benchmark": 4, "value": 0.028388643264799999, "environment": 1, "date": "2010-02-08 12:57:20", "interpreter": 2, "result_type": "T", "revision": 32}}, {"pk": 408, "model": "codespeed.result", "fields": {"benchmark": 5, "value": 1.3175216197999999, "environment": 1, "date": "2010-02-08 12:57:20", "interpreter": 2, "result_type": "T", "revision": 32}}, {"pk": 409, "model": "codespeed.result", "fields": {"benchmark": 6, "value": 1.6084318161, "environment": 1, "date": "2010-02-08 12:57:20", "interpreter": 2, "result_type": "T", "revision": 32}}, {"pk": 410, "model": "codespeed.result", "fields": {"benchmark": 7, "value": 1.0272073745700001, "environment": 1, "date": "2010-02-08 12:57:20", "interpreter": 2, "result_type": "T", "revision": 32}}, {"pk": 411, "model": "codespeed.result", "fields": {"benchmark": 13, "value": 0.066053199768099993, "environment": 1, "date": "2010-02-08 12:57:20", "interpreter": 2, "result_type": "T", "revision": 32}}, {"pk": 412, "model": "codespeed.result", "fields": {"benchmark": 16, "value": 7.8099999999999996, "environment": 1, "date": "2010-02-08 12:57:20", "interpreter": 2, "result_type": "T", "revision": 32}}, {"pk": 413, "model": "codespeed.result", "fields": {"benchmark": 17, "value": 4.5720000000000001, "environment": 1, "date": "2010-02-08 12:57:20", "interpreter": 2, "result_type": "T", "revision": 32}}, {"pk": 414, "model": "codespeed.result", "fields": {"benchmark": 14, "value": 0.42599999999999999, "environment": 1, "date": "2010-02-08 12:57:20", "interpreter": 2, "result_type": "T", "revision": 32}}, {"pk": 415, "model": "codespeed.result", "fields": {"benchmark": 1, "value": 0.453927755356, "environment": 1, "date": "2010-02-08 12:57:22", "interpreter": 2, "result_type": "T", "revision": 33}}, {"pk": 416, "model": "codespeed.result", "fields": {"benchmark": 9, "value": 0.121992349625, "environment": 1, "date": "2010-02-08 12:57:22", "interpreter": 2, "result_type": "T", "revision": 33}}, {"pk": 417, "model": "codespeed.result", "fields": {"benchmark": 2, "value": 0.52232122421299998, "environment": 1, "date": "2010-02-08 12:57:22", "interpreter": 2, "result_type": "T", "revision": 33}}, {"pk": 418, "model": "codespeed.result", "fields": {"benchmark": 10, "value": 0.38407201766999999, "environment": 1, "date": "2010-02-08 12:57:22", "interpreter": 2, "result_type": "T", "revision": 33}}, {"pk": 419, "model": "codespeed.result", "fields": {"benchmark": 8, "value": 0.141575145721, "environment": 1, "date": "2010-02-08 12:57:22", "interpreter": 2, "result_type": "T", "revision": 33}}, {"pk": 420, "model": "codespeed.result", "fields": {"benchmark": 15, "value": 5.06002688408, "environment": 1, "date": "2010-02-08 12:57:22", "interpreter": 2, "result_type": "T", "revision": 33}}, {"pk": 421, "model": "codespeed.result", "fields": {"benchmark": 3, "value": 12.3287079334, "environment": 1, "date": "2010-02-08 12:57:22", "interpreter": 2, "result_type": "T", "revision": 33}}, {"pk": 422, "model": "codespeed.result", "fields": {"benchmark": 11, "value": 0.387917757034, "environment": 1, "date": "2010-02-08 12:57:22", "interpreter": 2, "result_type": "T", "revision": 33}}, {"pk": 423, "model": "codespeed.result", "fields": {"benchmark": 12, "value": 0.083066082000799998, "environment": 1, "date": "2010-02-08 12:57:22", "interpreter": 2, "result_type": "T", "revision": 33}}, {"pk": 424, "model": "codespeed.result", "fields": {"benchmark": 4, "value": 0.026917457580600001, "environment": 1, "date": "2010-02-08 12:57:22", "interpreter": 2, "result_type": "T", "revision": 33}}, {"pk": 425, "model": "codespeed.result", "fields": {"benchmark": 5, "value": 1.31879124642, "environment": 1, "date": "2010-02-08 12:57:22", "interpreter": 2, "result_type": "T", "revision": 33}}, {"pk": 426, "model": "codespeed.result", "fields": {"benchmark": 6, "value": 1.62367901802, "environment": 1, "date": "2010-02-08 12:57:22", "interpreter": 2, "result_type": "T", "revision": 33}}, {"pk": 427, "model": "codespeed.result", "fields": {"benchmark": 7, "value": 1.0268442153899999, "environment": 1, "date": "2010-02-08 12:57:22", "interpreter": 2, "result_type": "T", "revision": 33}}, {"pk": 428, "model": "codespeed.result", "fields": {"benchmark": 13, "value": 0.067343568801899997, "environment": 1, "date": "2010-02-08 12:57:22", "interpreter": 2, "result_type": "T", "revision": 33}}, {"pk": 429, "model": "codespeed.result", "fields": {"benchmark": 16, "value": 7.6859999999999999, "environment": 1, "date": "2010-02-08 12:57:22", "interpreter": 2, "result_type": "T", "revision": 33}}, {"pk": 430, "model": "codespeed.result", "fields": {"benchmark": 17, "value": 4.4279999999999999, "environment": 1, "date": "2010-02-08 12:57:22", "interpreter": 2, "result_type": "T", "revision": 33}}, {"pk": 431, "model": "codespeed.result", "fields": {"benchmark": 14, "value": 0.438, "environment": 1, "date": "2010-02-08 12:57:22", "interpreter": 2, "result_type": "T", "revision": 33}}, {"pk": 432, "model": "codespeed.result", "fields": {"benchmark": 1, "value": 0.483631706238, "environment": 1, "date": "2010-02-08 12:57:23", "interpreter": 2, "result_type": "T", "revision": 34}}, {"pk": 433, "model": "codespeed.result", "fields": {"benchmark": 9, "value": 0.11660304069499999, "environment": 1, "date": "2010-02-08 12:57:23", "interpreter": 2, "result_type": "T", "revision": 34}}, {"pk": 434, "model": "codespeed.result", "fields": {"benchmark": 2, "value": 0.51569676399200004, "environment": 1, "date": "2010-02-08 12:57:23", "interpreter": 2, "result_type": "T", "revision": 34}}, {"pk": 435, "model": "codespeed.result", "fields": {"benchmark": 10, "value": 0.382478189468, "environment": 1, "date": "2010-02-08 12:57:23", "interpreter": 2, "result_type": "T", "revision": 34}}, {"pk": 436, "model": "codespeed.result", "fields": {"benchmark": 8, "value": 0.12743959426900001, "environment": 1, "date": "2010-02-08 12:57:23", "interpreter": 2, "result_type": "T", "revision": 34}}, {"pk": 437, "model": "codespeed.result", "fields": {"benchmark": 15, "value": 5.2178769111600003, "environment": 1, "date": "2010-02-08 12:57:23", "interpreter": 2, "result_type": "T", "revision": 34}}, {"pk": 438, "model": "codespeed.result", "fields": {"benchmark": 3, "value": 12.719299078000001, "environment": 1, "date": "2010-02-08 12:57:23", "interpreter": 2, "result_type": "T", "revision": 34}}, {"pk": 439, "model": "codespeed.result", "fields": {"benchmark": 11, "value": 0.38842058181799999, "environment": 1, "date": "2010-02-08 12:57:23", "interpreter": 2, "result_type": "T", "revision": 34}}, {"pk": 440, "model": "codespeed.result", "fields": {"benchmark": 12, "value": 0.079445600509699996, "environment": 1, "date": "2010-02-08 12:57:23", "interpreter": 2, "result_type": "T", "revision": 34}}, {"pk": 441, "model": "codespeed.result", "fields": {"benchmark": 4, "value": 0.027382421493600002, "environment": 1, "date": "2010-02-08 12:57:23", "interpreter": 2, "result_type": "T", "revision": 34}}, {"pk": 442, "model": "codespeed.result", "fields": {"benchmark": 5, "value": 1.3188374519399999, "environment": 1, "date": "2010-02-08 12:57:23", "interpreter": 2, "result_type": "T", "revision": 34}}, {"pk": 443, "model": "codespeed.result", "fields": {"benchmark": 6, "value": 1.5849890232099999, "environment": 1, "date": "2010-02-08 12:57:23", "interpreter": 2, "result_type": "T", "revision": 34}}, {"pk": 444, "model": "codespeed.result", "fields": {"benchmark": 7, "value": 1.01821317673, "environment": 1, "date": "2010-02-08 12:57:23", "interpreter": 2, "result_type": "T", "revision": 34}}, {"pk": 445, "model": "codespeed.result", "fields": {"benchmark": 13, "value": 0.065883016586299997, "environment": 1, "date": "2010-02-08 12:57:23", "interpreter": 2, "result_type": "T", "revision": 34}}, {"pk": 446, "model": "codespeed.result", "fields": {"benchmark": 16, "value": 7.1040000000000001, "environment": 1, "date": "2010-02-08 12:57:23", "interpreter": 2, "result_type": "T", "revision": 34}}, {"pk": 447, "model": "codespeed.result", "fields": {"benchmark": 17, "value": 4.3739999999999997, "environment": 1, "date": "2010-02-08 12:57:23", "interpreter": 2, "result_type": "T", "revision": 34}}, {"pk": 448, "model": "codespeed.result", "fields": {"benchmark": 14, "value": 0.436, "environment": 1, "date": "2010-02-08 12:57:23", "interpreter": 2, "result_type": "T", "revision": 34}}, {"pk": 449, "model": "codespeed.result", "fields": {"benchmark": 1, "value": 0.45719275474499999, "environment": 1, "date": "2010-02-08 12:57:24", "interpreter": 2, "result_type": "T", "revision": 35}}, {"pk": 450, "model": "codespeed.result", "fields": {"benchmark": 9, "value": 0.120211029053, "environment": 1, "date": "2010-02-08 12:57:24", "interpreter": 2, "result_type": "T", "revision": 35}}, {"pk": 451, "model": "codespeed.result", "fields": {"benchmark": 2, "value": 0.50765895843499997, "environment": 1, "date": "2010-02-08 12:57:24", "interpreter": 2, "result_type": "T", "revision": 35}}, {"pk": 452, "model": "codespeed.result", "fields": {"benchmark": 10, "value": 0.390260744095, "environment": 1, "date": "2010-02-08 12:57:24", "interpreter": 2, "result_type": "T", "revision": 35}}, {"pk": 453, "model": "codespeed.result", "fields": {"benchmark": 8, "value": 0.14059381485, "environment": 1, "date": "2010-02-08 12:57:24", "interpreter": 2, "result_type": "T", "revision": 35}}, {"pk": 454, "model": "codespeed.result", "fields": {"benchmark": 15, "value": 4.9633219242099997, "environment": 1, "date": "2010-02-08 12:57:24", "interpreter": 2, "result_type": "T", "revision": 35}}, {"pk": 455, "model": "codespeed.result", "fields": {"benchmark": 3, "value": 12.672068119, "environment": 1, "date": "2010-02-08 12:57:24", "interpreter": 2, "result_type": "T", "revision": 35}}, {"pk": 456, "model": "codespeed.result", "fields": {"benchmark": 11, "value": 0.38170418739299999, "environment": 1, "date": "2010-02-08 12:57:24", "interpreter": 2, "result_type": "T", "revision": 35}}, {"pk": 457, "model": "codespeed.result", "fields": {"benchmark": 12, "value": 0.081372261047299999, "environment": 1, "date": "2010-02-08 12:57:24", "interpreter": 2, "result_type": "T", "revision": 35}}, {"pk": 458, "model": "codespeed.result", "fields": {"benchmark": 4, "value": 0.028692531585699999, "environment": 1, "date": "2010-02-08 12:57:24", "interpreter": 2, "result_type": "T", "revision": 35}}, {"pk": 459, "model": "codespeed.result", "fields": {"benchmark": 5, "value": 1.3357413768799999, "environment": 1, "date": "2010-02-08 12:57:24", "interpreter": 2, "result_type": "T", "revision": 35}}, {"pk": 460, "model": "codespeed.result", "fields": {"benchmark": 6, "value": 1.6702152728999999, "environment": 1, "date": "2010-02-08 12:57:24", "interpreter": 2, "result_type": "T", "revision": 35}}, {"pk": 461, "model": "codespeed.result", "fields": {"benchmark": 7, "value": 1.0448349475900001, "environment": 1, "date": "2010-02-08 12:57:24", "interpreter": 2, "result_type": "T", "revision": 35}}, {"pk": 462, "model": "codespeed.result", "fields": {"benchmark": 13, "value": 0.068740367889399995, "environment": 1, "date": "2010-02-08 12:57:24", "interpreter": 2, "result_type": "T", "revision": 35}}, {"pk": 463, "model": "codespeed.result", "fields": {"benchmark": 16, "value": 7.4039999999999999, "environment": 1, "date": "2010-02-08 12:57:24", "interpreter": 2, "result_type": "T", "revision": 35}}, {"pk": 464, "model": "codespeed.result", "fields": {"benchmark": 17, "value": 4.5380000000000003, "environment": 1, "date": "2010-02-08 12:57:24", "interpreter": 2, "result_type": "T", "revision": 35}}, {"pk": 465, "model": "codespeed.result", "fields": {"benchmark": 14, "value": 0.42999999999999999, "environment": 1, "date": "2010-02-08 12:57:24", "interpreter": 2, "result_type": "T", "revision": 35}}, {"pk": 466, "model": "codespeed.result", "fields": {"benchmark": 1, "value": 0.45246744155899998, "environment": 1, "date": "2010-02-08 12:57:25", "interpreter": 2, "result_type": "T", "revision": 36}}, {"pk": 467, "model": "codespeed.result", "fields": {"benchmark": 9, "value": 0.115577602386, "environment": 1, "date": "2010-02-08 12:57:25", "interpreter": 2, "result_type": "T", "revision": 36}}, {"pk": 468, "model": "codespeed.result", "fields": {"benchmark": 2, "value": 0.53764219284100001, "environment": 1, "date": "2010-02-08 12:57:25", "interpreter": 2, "result_type": "T", "revision": 36}}, {"pk": 469, "model": "codespeed.result", "fields": {"benchmark": 10, "value": 0.39720401763899998, "environment": 1, "date": "2010-02-08 12:57:25", "interpreter": 2, "result_type": "T", "revision": 36}}, {"pk": 470, "model": "codespeed.result", "fields": {"benchmark": 8, "value": 0.14264602661100001, "environment": 1, "date": "2010-02-08 12:57:25", "interpreter": 2, "result_type": "T", "revision": 36}}, {"pk": 471, "model": "codespeed.result", "fields": {"benchmark": 15, "value": 4.9869220256800002, "environment": 1, "date": "2010-02-08 12:57:25", "interpreter": 2, "result_type": "T", "revision": 36}}, {"pk": 472, "model": "codespeed.result", "fields": {"benchmark": 3, "value": 13.157873868899999, "environment": 1, "date": "2010-02-08 12:57:25", "interpreter": 2, "result_type": "T", "revision": 36}}, {"pk": 473, "model": "codespeed.result", "fields": {"benchmark": 11, "value": 0.38921575546300002, "environment": 1, "date": "2010-02-08 12:57:25", "interpreter": 2, "result_type": "T", "revision": 36}}, {"pk": 474, "model": "codespeed.result", "fields": {"benchmark": 12, "value": 0.080121755599999997, "environment": 1, "date": "2010-02-08 12:57:25", "interpreter": 2, "result_type": "T", "revision": 36}}, {"pk": 475, "model": "codespeed.result", "fields": {"benchmark": 4, "value": 0.03005900383, "environment": 1, "date": "2010-02-08 12:57:25", "interpreter": 2, "result_type": "T", "revision": 36}}, {"pk": 476, "model": "codespeed.result", "fields": {"benchmark": 5, "value": 1.35679936409, "environment": 1, "date": "2010-02-08 12:57:25", "interpreter": 2, "result_type": "T", "revision": 36}}, {"pk": 477, "model": "codespeed.result", "fields": {"benchmark": 6, "value": 1.5685717582700001, "environment": 1, "date": "2010-02-08 12:57:25", "interpreter": 2, "result_type": "T", "revision": 36}}, {"pk": 478, "model": "codespeed.result", "fields": {"benchmark": 7, "value": 1.0374664306600001, "environment": 1, "date": "2010-02-08 12:57:25", "interpreter": 2, "result_type": "T", "revision": 36}}, {"pk": 479, "model": "codespeed.result", "fields": {"benchmark": 13, "value": 0.070476913452099998, "environment": 1, "date": "2010-02-08 12:57:25", "interpreter": 2, "result_type": "T", "revision": 36}}, {"pk": 480, "model": "codespeed.result", "fields": {"benchmark": 16, "value": 7.0640000000000001, "environment": 1, "date": "2010-02-08 12:57:25", "interpreter": 2, "result_type": "T", "revision": 36}}, {"pk": 481, "model": "codespeed.result", "fields": {"benchmark": 17, "value": 4.3639999999999999, "environment": 1, "date": "2010-02-08 12:57:25", "interpreter": 2, "result_type": "T", "revision": 36}}, {"pk": 482, "model": "codespeed.result", "fields": {"benchmark": 14, "value": 0.42599999999999999, "environment": 1, "date": "2010-02-08 12:57:25", "interpreter": 2, "result_type": "T", "revision": 36}}, {"pk": 483, "model": "codespeed.result", "fields": {"benchmark": 18, "value": 0.036658235272600002, "environment": 1, "date": "2010-02-08 12:57:25", "interpreter": 2, "result_type": "T", "revision": 36}}, {"pk": 484, "model": "codespeed.result", "fields": {"benchmark": 19, "value": 0.62893081761000003, "environment": 1, "date": "2010-02-08 12:57:25", "interpreter": 2, "result_type": "T", "revision": 36}}, {"pk": 485, "model": "codespeed.result", "fields": {"benchmark": 1, "value": 0.451867008209, "environment": 1, "date": "2010-02-08 13:05:49", "interpreter": 2, "result_type": "T", "revision": 37}}, {"pk": 486, "model": "codespeed.result", "fields": {"benchmark": 9, "value": 0.122903156281, "environment": 1, "date": "2010-02-08 13:05:49", "interpreter": 2, "result_type": "T", "revision": 37}}, {"pk": 487, "model": "codespeed.result", "fields": {"benchmark": 2, "value": 0.52295198440599999, "environment": 1, "date": "2010-02-08 13:05:49", "interpreter": 2, "result_type": "T", "revision": 37}}, {"pk": 488, "model": "codespeed.result", "fields": {"benchmark": 10, "value": 0.39611358642599998, "environment": 1, "date": "2010-02-08 13:05:49", "interpreter": 2, "result_type": "T", "revision": 37}}, {"pk": 489, "model": "codespeed.result", "fields": {"benchmark": 8, "value": 0.14402337074300001, "environment": 1, "date": "2010-02-08 13:05:49", "interpreter": 2, "result_type": "T", "revision": 37}}, {"pk": 490, "model": "codespeed.result", "fields": {"benchmark": 15, "value": 5.0354669094100002, "environment": 1, "date": "2010-02-08 13:05:49", "interpreter": 2, "result_type": "T", "revision": 37}}, {"pk": 491, "model": "codespeed.result", "fields": {"benchmark": 3, "value": 12.4241089821, "environment": 1, "date": "2010-02-08 13:05:49", "interpreter": 2, "result_type": "T", "revision": 37}}, {"pk": 492, "model": "codespeed.result", "fields": {"benchmark": 11, "value": 0.38023424148500001, "environment": 1, "date": "2010-02-08 13:05:49", "interpreter": 2, "result_type": "T", "revision": 37}}, {"pk": 493, "model": "codespeed.result", "fields": {"benchmark": 12, "value": 0.080273628234900002, "environment": 1, "date": "2010-02-08 13:05:49", "interpreter": 2, "result_type": "T", "revision": 37}}, {"pk": 494, "model": "codespeed.result", "fields": {"benchmark": 4, "value": 0.029130172729500001, "environment": 1, "date": "2010-02-08 13:05:49", "interpreter": 2, "result_type": "T", "revision": 37}}, {"pk": 495, "model": "codespeed.result", "fields": {"benchmark": 5, "value": 1.3123150825500001, "environment": 1, "date": "2010-02-08 13:05:49", "interpreter": 2, "result_type": "T", "revision": 37}}, {"pk": 496, "model": "codespeed.result", "fields": {"benchmark": 6, "value": 1.5844192027999999, "environment": 1, "date": "2010-02-08 13:05:49", "interpreter": 2, "result_type": "T", "revision": 37}}, {"pk": 497, "model": "codespeed.result", "fields": {"benchmark": 7, "value": 1.0873519897499999, "environment": 1, "date": "2010-02-08 13:05:49", "interpreter": 2, "result_type": "T", "revision": 37}}, {"pk": 498, "model": "codespeed.result", "fields": {"benchmark": 13, "value": 0.065541601180999998, "environment": 1, "date": "2010-02-08 13:05:49", "interpreter": 2, "result_type": "T", "revision": 37}}, {"pk": 499, "model": "codespeed.result", "fields": {"benchmark": 16, "value": 7.1159999999999997, "environment": 1, "date": "2010-02-08 13:05:49", "interpreter": 2, "result_type": "T", "revision": 37}}, {"pk": 500, "model": "codespeed.result", "fields": {"benchmark": 17, "value": 4.3780000000000001, "environment": 1, "date": "2010-02-08 13:05:49", "interpreter": 2, "result_type": "T", "revision": 37}}, {"pk": 501, "model": "codespeed.result", "fields": {"benchmark": 14, "value": 0.432, "environment": 1, "date": "2010-02-08 13:05:49", "interpreter": 2, "result_type": "T", "revision": 37}}, {"pk": 502, "model": "codespeed.result", "fields": {"benchmark": 18, "value": 0.036170852297399997, "environment": 1, "date": "2010-02-08 13:05:49", "interpreter": 2, "result_type": "T", "revision": 37}}, {"pk": 503, "model": "codespeed.result", "fields": {"benchmark": 19, "value": 0.61728395061700003, "environment": 1, "date": "2010-02-08 13:05:49", "interpreter": 2, "result_type": "T", "revision": 37}}, {"pk": 504, "model": "codespeed.result", "fields": {"benchmark": 16, "value": 7.1760000000000002, "environment": 1, "date": "2010-02-08 13:08:45", "interpreter": 1, "result_type": "T", "revision": 3}}, {"pk": 505, "model": "codespeed.result", "fields": {"benchmark": 17, "value": 8.6379999999999999, "environment": 1, "date": "2010-02-08 13:08:45", "interpreter": 1, "result_type": "T", "revision": 3}}, {"pk": 506, "model": "codespeed.result", "fields": {"benchmark": 18, "value": 0.14967819188699999, "environment": 1, "date": "2010-02-08 13:08:45", "interpreter": 1, "result_type": "T", "revision": 3}}, {"pk": 507, "model": "codespeed.result", "fields": {"benchmark": 19, "value": 0.112485939258, "environment": 1, "date": "2010-02-08 13:08:45", "interpreter": 1, "result_type": "T", "revision": 3}}]
