[{"pk": 22, "model": "auth.permission", "fields": {"codename": "add_logentry", "name": "Can add log entry", "content_type": 8}}, {"pk": 23, "model": "auth.permission", "fields": {"codename": "change_logentry", "name": "Can change log entry", "content_type": 8}}, {"pk": 24, "model": "auth.permission", "fields": {"codename": "delete_logentry", "name": "Can delete log entry", "content_type": 8}}, {"pk": 4, "model": "auth.permission", "fields": {"codename": "add_group", "name": "Can add group", "content_type": 2}}, {"pk": 10, "model": "auth.permission", "fields": {"codename": "add_message", "name": "Can add message", "content_type": 4}}, {"pk": 1, "model": "auth.permission", "fields": {"codename": "add_permission", "name": "Can add permission", "content_type": 1}}, {"pk": 7, "model": "auth.permission", "fields": {"codename": "add_user", "name": "Can add user", "content_type": 3}}, {"pk": 5, "model": "auth.permission", "fields": {"codename": "change_group", "name": "Can change group", "content_type": 2}}, {"pk": 11, "model": "auth.permission", "fields": {"codename": "change_message", "name": "Can change message", "content_type": 4}}, {"pk": 2, "model": "auth.permission", "fields": {"codename": "change_permission", "name": "Can change permission", "content_type": 1}}, {"pk": 8, "model": "auth.permission", "fields": {"codename": "change_user", "name": "Can change user", "content_type": 3}}, {"pk": 6, "model": "auth.permission", "fields": {"codename": "delete_group", "name": "Can delete group", "content_type": 2}}, {"pk": 12, "model": "auth.permission", "fields": {"codename": "delete_message", "name": "Can delete message", "content_type": 4}}, {"pk": 3, "model": "auth.permission", "fields": {"codename": "delete_permission", "name": "Can delete permission", "content_type": 1}}, {"pk": 9, "model": "auth.permission", "fields": {"codename": "delete_user", "name": "Can delete user", "content_type": 3}}, {"pk": 31, "model": "auth.permission", "fields": {"codename": "add_benchmark", "name": "Can add benchmark", "content_type": 11}}, {"pk": 34, "model": "auth.permission", "fields": {"codename": "add_environment", "name": "Can add environment", "content_type": 12}}, {"pk": 28, "model": "auth.permission", "fields": {"codename": "add_interpreter", "name": "Can add interpreter", "content_type": 10}}, {"pk": 37, "model": "auth.permission", "fields": {"codename": "add_result", "name": "Can add result", "content_type": 13}}, {"pk": 25, "model": "auth.permission", "fields": {"codename": "add_revision", "name": "Can add revision", "content_type": 9}}, {"pk": 32, "model": "auth.permission", "fields": {"codename": "change_benchmark", "name": "Can change benchmark", "content_type": 11}}, {"pk": 35, "model": "auth.permission", "fields": {"codename": "change_environment", "name": "Can change environment", "content_type": 12}}, {"pk": 29, "model": "auth.permission", "fields": {"codename": "change_interpreter", "name": "Can change interpreter", "content_type": 10}}, {"pk": 38, "model": "auth.permission", "fields": {"codename": "change_result", "name": "Can change result", "content_type": 13}}, {"pk": 26, "model": "auth.permission", "fields": {"codename": "change_revision", "name": "Can change revision", "content_type": 9}}, {"pk": 33, "model": "auth.permission", "fields": {"codename": "delete_benchmark", "name": "Can delete benchmark", "content_type": 11}}, {"pk": 36, "model": "auth.permission", "fields": {"codename": "delete_environment", "name": "Can delete environment", "content_type": 12}}, {"pk": 30, "model": "auth.permission", "fields": {"codename": "delete_interpreter", "name": "Can delete interpreter", "content_type": 10}}, {"pk": 39, "model": "auth.permission", "fields": {"codename": "delete_result", "name": "Can delete result", "content_type": 13}}, {"pk": 27, "model": "auth.permission", "fields": {"codename": "delete_revision", "name": "Can delete revision", "content_type": 9}}, {"pk": 13, "model": "auth.permission", "fields": {"codename": "add_contenttype", "name": "Can add content type", "content_type": 5}}, {"pk": 14, "model": "auth.permission", "fields": {"codename": "change_contenttype", "name": "Can change content type", "content_type": 5}}, {"pk": 15, "model": "auth.permission", "fields": {"codename": "delete_contenttype", "name": "Can delete content type", "content_type": 5}}, {"pk": 16, "model": "auth.permission", "fields": {"codename": "add_session", "name": "Can add session", "content_type": 6}}, {"pk": 17, "model": "auth.permission", "fields": {"codename": "change_session", "name": "Can change session", "content_type": 6}}, {"pk": 18, "model": "auth.permission", "fields": {"codename": "delete_session", "name": "Can delete session", "content_type": 6}}, {"pk": 19, "model": "auth.permission", "fields": {"codename": "add_site", "name": "Can add site", "content_type": 7}}, {"pk": 20, "model": "auth.permission", "fields": {"codename": "change_site", "name": "Can change site", "content_type": 7}}, {"pk": 21, "model": "auth.permission", "fields": {"codename": "delete_site", "name": "Can delete site", "content_type": 7}}, {"pk": 1, "model": "auth.user", "fields": {"username": "admin", "first_name": "", "last_name": "", "is_active": 1, "is_superuser": 1, "is_staff": 1, "last_login": "2010-01-26 06:07:11", "groups": [], "user_permissions": [], "password": "sha1$fe3db$f113035e546a78ce8884f3a5f90b5e4ce3b12374", "email": "a@a.es", "date_joined": "2010-01-26 06:05:17"}}, {"pk": 11, "model": "contenttypes.contenttype", "fields": {"model": "benchmark", "name": "benchmark", "app_label": "codespeed"}}, {"pk": 5, "model": "contenttypes.contenttype", "fields": {"model": "contenttype", "name": "content type", "app_label": "contenttypes"}}, {"pk": 12, "model": "contenttypes.contenttype", "fields": {"model": "environment", "name": "environment", "app_label": "codespeed"}}, {"pk": 2, "model": "contenttypes.contenttype", "fields": {"model": "group", "name": "group", "app_label": "auth"}}, {"pk": 10, "model": "contenttypes.contenttype", "fields": {"model": "interpreter", "name": "interpreter", "app_label": "codespeed"}}, {"pk": 8, "model": "contenttypes.contenttype", "fields": {"model": "logentry", "name": "log entry", "app_label": "admin"}}, {"pk": 4, "model": "contenttypes.contenttype", "fields": {"model": "message", "name": "message", "app_label": "auth"}}, {"pk": 1, "model": "contenttypes.contenttype", "fields": {"model": "permission", "name": "permission", "app_label": "auth"}}, {"pk": 13, "model": "contenttypes.contenttype", "fields": {"model": "result", "name": "result", "app_label": "codespeed"}}, {"pk": 9, "model": "contenttypes.contenttype", "fields": {"model": "revision", "name": "revision", "app_label": "codespeed"}}, {"pk": 6, "model": "contenttypes.contenttype", "fields": {"model": "session", "name": "session", "app_label": "sessions"}}, {"pk": 7, "model": "contenttypes.contenttype", "fields": {"model": "site", "name": "site", "app_label": "sites"}}, {"pk": 3, "model": "contenttypes.contenttype", "fields": {"model": "user", "name": "user", "app_label": "auth"}}, {"pk": "459091210dde06b3f6d9ec26151831de", "model": "sessions.session", "fields": {"expire_date": "2010-02-09 06:07:11", "session_data": "gAJ9cQEoVRJfYXV0aF91c2VyX2JhY2tlbmRxAlUpZGphbmdvLmNvbnRyaWIuYXV0aC5iYWNrZW5k\ncy5Nb2RlbEJhY2tlbmRxA1UNX2F1dGhfdXNlcl9pZHEEigEBdS5lMzBlMjdkMjI0MTk5MzIwODE3\nNTI4ZDMyZjRlODQzZQ==\n"}}, {"pk": 1, "model": "sites.site", "fields": {"domain": "example.com", "name": "example.com"}}, {"pk": 4, "model": "admin.logentry", "fields": {"action_flag": 2, "action_time": "2010-02-08 05:07:36", "object_repr": "pypy-c-jit gc=hybrid", "object_id": "2", "change_message": "Changed coptions.", "user": 1, "content_type": 10}}, {"pk": 3, "model": "admin.logentry", "fields": {"action_flag": 2, "action_time": "2010-01-27 05:42:38", "object_repr": "262", "object_id": "3", "change_message": "Changed tag.", "user": 1, "content_type": 9}}, {"pk": 2, "model": "admin.logentry", "fields": {"action_flag": 3, "action_time": "2010-01-27 05:42:21", "object_repr": "2620", "object_id": "1", "change_message": "", "user": 1, "content_type": 9}}, {"pk": 1, "model": "admin.logentry", "fields": {"action_flag": 1, "action_time": "2010-01-26 06:07:22", "object_repr": "Dual Core Linux", "object_id": "1", "change_message": "", "user": 1, "content_type": 12}}, {"pk": 2, "model": "codespeed.revision", "fields": {"project": "pypy", "date": null, "message": "", "tag": "", "number": 70632}}, {"pk": 3, "model": "codespeed.revision", "fields": {"project": "cpython", "date": null, "message": "", "tag": "2.6.2", "number": 262}}, {"pk": 4, "model": "codespeed.revision", "fields": {"project": "pypy", "date": null, "message": "", "tag": "", "number": 70634}}, {"pk": 5, "model": "codespeed.revision", "fields": {"project": "pypy", "date": null, "message": "", "tag": "", "number": 70641}}, {"pk": 6, "model": "codespeed.revision", "fields": {"project": "pypy", "date": null, "message": "", "tag": "", "number": 70643}}, {"pk": 7, "model": "codespeed.revision", "fields": {"project": "pypy", "date": null, "message": "", "tag": "", "number": 70671}}, {"pk": 8, "model": "codespeed.revision", "fields": {"project": "pypy", "date": null, "message": "", "tag": "", "number": 70678}}, {"pk": 9, "model": "codespeed.revision", "fields": {"project": "pypy", "date": null, "message": "", "tag": "", "number": 70688}}, {"pk": 10, "model": "codespeed.revision", "fields": {"project": "pypy", "date": null, "message": "", "tag": "", "number": 70694}}, {"pk": 11, "model": "codespeed.revision", "fields": {"project": "pypy", "date": null, "message": "", "tag": "", "number": 70721}}, {"pk": 12, "model": "codespeed.revision", "fields": {"project": "pypy", "date": null, "message": "", "tag": "", "number": 70740}}, {"pk": 13, "model": "codespeed.revision", "fields": {"project": "pypy", "date": null, "message": "", "tag": "", "number": 70764}}, {"pk": 14, "model": "codespeed.revision", "fields": {"project": "pypy", "date": null, "message": "", "tag": "", "number": 70789}}, {"pk": 15, "model": "codespeed.revision", "fields": {"project": "pypy", "date": null, "message": "", "tag": "", "number": 70794}}, {"pk": 16, "model": "codespeed.revision", "fields": {"project": "pypy", "date": null, "message": "", "tag": "", "number": 70813}}, {"pk": 17, "model": "codespeed.revision", "fields": {"project": "pypy", "date": null, "message": "", "tag": "", "number": 70831}}, {"pk": 18, "model": "codespeed.revision", "fields": {"project": "pypy", "date": null, "message": "", "tag": "", "number": 70857}}, {"pk": 19, "model": "codespeed.revision", "fields": {"project": "pypy", "date": null, "message": "", "tag": "", "number": 70901}}, {"pk": 1, "model": "codespeed.interpreter", "fields": {"coptions": "default", "name": "cpython"}}, {"pk": 2, "model": "codespeed.interpreter", "fields": {"coptions": "gc=hybrid", "name": "pypy-c-jit"}}, {"pk": 1, "model": "codespeed.benchmark", "fields": {"name": "ai", "benchmark_type": "T", "description": ""}}, {"pk": 2, "model": "codespeed.benchmark", "fields": {"name": "django", "benchmark_type": "T", "description": ""}}, {"pk": 3, "model": "codespeed.benchmark", "fields": {"name": "html5lib", "benchmark_type": "T", "description": ""}}, {"pk": 4, "model": "codespeed.benchmark", "fields": {"name": "richards", "benchmark_type": "T", "description": ""}}, {"pk": 5, "model": "codespeed.benchmark", "fields": {"name": "rietveld", "benchmark_type": "T", "description": ""}}, {"pk": 6, "model": "codespeed.benchmark", "fields": {"name": "slowspitfire", "benchmark_type": "T", "description": ""}}, {"pk": 7, "model": "codespeed.benchmark", "fields": {"name": "spambayes", "benchmark_type": "T", "description": ""}}, {"pk": 8, "model": "codespeed.benchmark", "fields": {"name": "float", "benchmark_type": "T", "description": ""}}, {"pk": 9, "model": "codespeed.benchmark", "fields": {"name": "chaos", "benchmark_type": "T", "description": ""}}, {"pk": 10, "model": "codespeed.benchmark", "fields": {"name": "fannkuch", "benchmark_type": "T", "description": ""}}, {"pk": 11, "model": "codespeed.benchmark", "fields": {"name": "meteor-contest", "benchmark_type": "T", "description": ""}}, {"pk": 12, "model": "codespeed.benchmark", "fields": {"name": "nbody_modified", "benchmark_type": "T", "description": ""}}, {"pk": 13, "model": "codespeed.benchmark", "fields": {"name": "spectral-norm", "benchmark_type": "T", "description": ""}}, {"pk": 14, "model": "codespeed.benchmark", "fields": {"name": "telco", "benchmark_type": "T", "description": ""}}, {"pk": 15, "model": "codespeed.benchmark", "fields": {"name": "gcbench", "benchmark_type": "T", "description": ""}}, {"pk": 1, "model": "codespeed.environment", "fields": {"memory": "2Gb", "os": "Linux", "name": "Dual Core Linux", "cpu": "Core 2 Duo 2.66Mhz"}}, {"pk": 1, "model": "codespeed.result", "fields": {"benchmark": 1, "value": 0.43707809448200002, "environment": 1, "date": "2010-01-27 09:41:22", "interpreter": 2, "result_type": "T", "revision": 2}}, {"pk": 2, "model": "codespeed.result", "fields": {"benchmark": 2, "value": 0.65519900322000002, "environment": 1, "date": "2010-01-27 09:41:22", "interpreter": 2, "result_type": "T", "revision": 2}}, {"pk": 3, "model": "codespeed.result", "fields": {"benchmark": 3, "value": 18.343158960299998, "environment": 1, "date": "2010-01-27 09:41:22", "interpreter": 2, "result_type": "T", "revision": 2}}, {"pk": 4, "model": "codespeed.result", "fields": {"benchmark": 4, "value": 0.029869985580400001, "environment": 1, "date": "2010-01-27 09:41:22", "interpreter": 2, "result_type": "T", "revision": 2}}, {"pk": 5, "model": "codespeed.result", "fields": {"benchmark": 5, "value": 1.36875300408, "environment": 1, "date": "2010-01-27 09:41:22", "interpreter": 2, "result_type": "T", "revision": 2}}, {"pk": 6, "model": "codespeed.result", "fields": {"benchmark": 6, "value": 1.9608736038200001, "environment": 1, "date": "2010-01-27 09:41:22", "interpreter": 2, "result_type": "T", "revision": 2}}, {"pk": 7, "model": "codespeed.result", "fields": {"benchmark": 7, "value": 1.2217754364, "environment": 1, "date": "2010-01-27 09:41:22", "interpreter": 2, "result_type": "T", "revision": 2}}, {"pk": 8, "model": "codespeed.result", "fields": {"benchmark": 1, "value": 0.42399716377300001, "environment": 1, "date": "2010-01-27 15:02:32", "interpreter": 1, "result_type": "T", "revision": 3}}, {"pk": 9, "model": "codespeed.result", "fields": {"benchmark": 2, "value": 0.81054883003199996, "environment": 1, "date": "2010-01-27 15:02:32", "interpreter": 1, "result_type": "T", "revision": 3}}, {"pk": 10, "model": "codespeed.result", "fields": {"benchmark": 3, "value": 12.267576932900001, "environment": 1, "date": "2010-01-27 15:02:32", "interpreter": 1, "result_type": "T", "revision": 3}}, {"pk": 11, "model": "codespeed.result", "fields": {"benchmark": 4, "value": 0.29155521392799999, "environment": 1, "date": "2010-01-27 15:02:32", "interpreter": 1, "result_type": "T", "revision": 3}}, {"pk": 12, "model": "codespeed.result", "fields": {"benchmark": 5, "value": 0.47792563438399999, "environment": 1, "date": "2010-01-27 15:02:32", "interpreter": 1, "result_type": "T", "revision": 3}}, {"pk": 13, "model": "codespeed.result", "fields": {"benchmark": 6, "value": 0.68440842628499998, "environment": 1, "date": "2010-01-27 15:02:32", "interpreter": 1, "result_type": "T", "revision": 3}}, {"pk": 14, "model": "codespeed.result", "fields": {"benchmark": 7, "value": 0.27043123245200001, "environment": 1, "date": "2010-01-27 15:02:32", "interpreter": 1, "result_type": "T", "revision": 3}}, {"pk": 15, "model": "codespeed.result", "fields": {"benchmark": 1, "value": 0.42492904663100001, "environment": 1, "date": "2010-01-27 09:41:23", "interpreter": 2, "result_type": "T", "revision": 4}}, {"pk": 16, "model": "codespeed.result", "fields": {"benchmark": 2, "value": 0.62576680183400002, "environment": 1, "date": "2010-01-27 09:41:23", "interpreter": 2, "result_type": "T", "revision": 4}}, {"pk": 17, "model": "codespeed.result", "fields": {"benchmark": 3, "value": 18.203540086699999, "environment": 1, "date": "2010-01-27 09:41:23", "interpreter": 2, "result_type": "T", "revision": 4}}, {"pk": 18, "model": "codespeed.result", "fields": {"benchmark": 4, "value": 0.029346752166800001, "environment": 1, "date": "2010-01-27 09:41:23", "interpreter": 2, "result_type": "T", "revision": 4}}, {"pk": 19, "model": "codespeed.result", "fields": {"benchmark": 5, "value": 1.3492350578300001, "environment": 1, "date": "2010-01-27 09:41:23", "interpreter": 2, "result_type": "T", "revision": 4}}, {"pk": 20, "model": "codespeed.result", "fields": {"benchmark": 6, "value": 1.9761237621300001, "environment": 1, "date": "2010-01-27 09:41:23", "interpreter": 2, "result_type": "T", "revision": 4}}, {"pk": 21, "model": "codespeed.result", "fields": {"benchmark": 7, "value": 1.3172614097599999, "environment": 1, "date": "2010-01-27 09:41:23", "interpreter": 2, "result_type": "T", "revision": 4}}, {"pk": 22, "model": "codespeed.result", "fields": {"benchmark": 1, "value": 0.442705011368, "environment": 1, "date": "2010-01-27 09:41:24", "interpreter": 2, "result_type": "T", "revision": 5}}, {"pk": 23, "model": "codespeed.result", "fields": {"benchmark": 2, "value": 0.69898595809899999, "environment": 1, "date": "2010-01-27 09:41:24", "interpreter": 2, "result_type": "T", "revision": 5}}, {"pk": 24, "model": "codespeed.result", "fields": {"benchmark": 3, "value": 19.623087883, "environment": 1, "date": "2010-01-27 09:41:24", "interpreter": 2, "result_type": "T", "revision": 5}}, {"pk": 25, "model": "codespeed.result", "fields": {"benchmark": 4, "value": 0.031779193878200003, "environment": 1, "date": "2010-01-27 09:41:24", "interpreter": 2, "result_type": "T", "revision": 5}}, {"pk": 26, "model": "codespeed.result", "fields": {"benchmark": 5, "value": 1.35385112762, "environment": 1, "date": "2010-01-27 09:41:24", "interpreter": 2, "result_type": "T", "revision": 5}}, {"pk": 27, "model": "codespeed.result", "fields": {"benchmark": 6, "value": 2.0196122646300001, "environment": 1, "date": "2010-01-27 09:41:24", "interpreter": 2, "result_type": "T", "revision": 5}}, {"pk": 28, "model": "codespeed.result", "fields": {"benchmark": 7, "value": 1.2326191902200001, "environment": 1, "date": "2010-01-27 09:41:24", "interpreter": 2, "result_type": "T", "revision": 5}}, {"pk": 29, "model": "codespeed.result", "fields": {"benchmark": 1, "value": 0.427397823334, "environment": 1, "date": "2010-01-27 09:41:24", "interpreter": 2, "result_type": "T", "revision": 6}}, {"pk": 30, "model": "codespeed.result", "fields": {"benchmark": 2, "value": 0.64163026809699997, "environment": 1, "date": "2010-01-27 09:41:24", "interpreter": 2, "result_type": "T", "revision": 6}}, {"pk": 31, "model": "codespeed.result", "fields": {"benchmark": 3, "value": 18.129413127900001, "environment": 1, "date": "2010-01-27 09:41:24", "interpreter": 2, "result_type": "T", "revision": 6}}, {"pk": 32, "model": "codespeed.result", "fields": {"benchmark": 4, "value": 0.031384038925200003, "environment": 1, "date": "2010-01-27 09:41:24", "interpreter": 2, "result_type": "T", "revision": 6}}, {"pk": 33, "model": "codespeed.result", "fields": {"benchmark": 5, "value": 1.38800883293, "environment": 1, "date": "2010-01-27 09:41:24", "interpreter": 2, "result_type": "T", "revision": 6}}, {"pk": 34, "model": "codespeed.result", "fields": {"benchmark": 6, "value": 1.97738900185, "environment": 1, "date": "2010-01-27 09:41:24", "interpreter": 2, "result_type": "T", "revision": 6}}, {"pk": 35, "model": "codespeed.result", "fields": {"benchmark": 7, "value": 1.2374196052499999, "environment": 1, "date": "2010-01-27 09:41:24", "interpreter": 2, "result_type": "T", "revision": 6}}, {"pk": 36, "model": "codespeed.result", "fields": {"benchmark": 1, "value": 0.44572839736999997, "environment": 1, "date": "2010-01-27 09:41:25", "interpreter": 2, "result_type": "T", "revision": 7}}, {"pk": 37, "model": "codespeed.result", "fields": {"benchmark": 2, "value": 0.619217777252, "environment": 1, "date": "2010-01-27 09:41:25", "interpreter": 2, "result_type": "T", "revision": 7}}, {"pk": 38, "model": "codespeed.result", "fields": {"benchmark": 3, "value": 18.536835908899999, "environment": 1, "date": "2010-01-27 09:41:25", "interpreter": 2, "result_type": "T", "revision": 7}}, {"pk": 39, "model": "codespeed.result", "fields": {"benchmark": 4, "value": 0.031195306778, "environment": 1, "date": "2010-01-27 09:41:25", "interpreter": 2, "result_type": "T", "revision": 7}}, {"pk": 40, "model": "codespeed.result", "fields": {"benchmark": 5, "value": 1.37284536361, "environment": 1, "date": "2010-01-27 09:41:25", "interpreter": 2, "result_type": "T", "revision": 7}}, {"pk": 41, "model": "codespeed.result", "fields": {"benchmark": 6, "value": 1.9654173851000001, "environment": 1, "date": "2010-01-27 09:41:25", "interpreter": 2, "result_type": "T", "revision": 7}}, {"pk": 42, "model": "codespeed.result", "fields": {"benchmark": 7, "value": 1.21845993996, "environment": 1, "date": "2010-01-27 09:41:25", "interpreter": 2, "result_type": "T", "revision": 7}}, {"pk": 43, "model": "codespeed.result", "fields": {"benchmark": 1, "value": 0.43448724746700002, "environment": 1, "date": "2010-01-27 09:41:25", "interpreter": 2, "result_type": "T", "revision": 8}}, {"pk": 44, "model": "codespeed.result", "fields": {"benchmark": 2, "value": 0.65551400184599995, "environment": 1, "date": "2010-01-27 09:41:25", "interpreter": 2, "result_type": "T", "revision": 8}}, {"pk": 45, "model": "codespeed.result", "fields": {"benchmark": 8, "value": 0.218690061569, "environment": 1, "date": "2010-01-27 09:41:25", "interpreter": 2, "result_type": "T", "revision": 8}}, {"pk": 46, "model": "codespeed.result", "fields": {"benchmark": 3, "value": 18.542385101299999, "environment": 1, "date": "2010-01-27 09:41:25", "interpreter": 2, "result_type": "T", "revision": 8}}, {"pk": 47, "model": "codespeed.result", "fields": {"benchmark": 4, "value": 0.030475807189899999, "environment": 1, "date": "2010-01-27 09:41:25", "interpreter": 2, "result_type": "T", "revision": 8}}, {"pk": 48, "model": "codespeed.result", "fields": {"benchmark": 5, "value": 1.34365615845, "environment": 1, "date": "2010-01-27 09:41:25", "interpreter": 2, "result_type": "T", "revision": 8}}, {"pk": 49, "model": "codespeed.result", "fields": {"benchmark": 6, "value": 2.00317382812, "environment": 1, "date": "2010-01-27 09:41:25", "interpreter": 2, "result_type": "T", "revision": 8}}, {"pk": 50, "model": "codespeed.result", "fields": {"benchmark": 7, "value": 1.2182968139699999, "environment": 1, "date": "2010-01-27 09:41:25", "interpreter": 2, "result_type": "T", "revision": 8}}, {"pk": 51, "model": "codespeed.result", "fields": {"benchmark": 1, "value": 0.422487783432, "environment": 1, "date": "2010-01-27 09:41:26", "interpreter": 2, "result_type": "T", "revision": 9}}, {"pk": 52, "model": "codespeed.result", "fields": {"benchmark": 9, "value": 0.121007490158, "environment": 1, "date": "2010-01-27 09:41:26", "interpreter": 2, "result_type": "T", "revision": 9}}, {"pk": 53, "model": "codespeed.result", "fields": {"benchmark": 2, "value": 0.64096617698699998, "environment": 1, "date": "2010-01-27 09:41:26", "interpreter": 2, "result_type": "T", "revision": 9}}, {"pk": 54, "model": "codespeed.result", "fields": {"benchmark": 10, "value": 0.37990322113000002, "environment": 1, "date": "2010-01-27 09:41:26", "interpreter": 2, "result_type": "T", "revision": 9}}, {"pk": 55, "model": "codespeed.result", "fields": {"benchmark": 8, "value": 0.135547828674, "environment": 1, "date": "2010-01-27 09:41:26", "interpreter": 2, "result_type": "T", "revision": 9}}, {"pk": 56, "model": "codespeed.result", "fields": {"benchmark": 3, "value": 18.0433809757, "environment": 1, "date": "2010-01-27 09:41:26", "interpreter": 2, "result_type": "T", "revision": 9}}, {"pk": 57, "model": "codespeed.result", "fields": {"benchmark": 11, "value": 0.37866396903999999, "environment": 1, "date": "2010-01-27 09:41:26", "interpreter": 2, "result_type": "T", "revision": 9}}, {"pk": 58, "model": "codespeed.result", "fields": {"benchmark": 12, "value": 0.076025152206400007, "environment": 1, "date": "2010-01-27 09:41:26", "interpreter": 2, "result_type": "T", "revision": 9}}, {"pk": 59, "model": "codespeed.result", "fields": {"benchmark": 4, "value": 0.029587221145600001, "environment": 1, "date": "2010-01-27 09:41:26", "interpreter": 2, "result_type": "T", "revision": 9}}, {"pk": 60, "model": "codespeed.result", "fields": {"benchmark": 5, "value": 1.33778300285, "environment": 1, "date": "2010-01-27 09:41:26", "interpreter": 2, "result_type": "T", "revision": 9}}, {"pk": 61, "model": "codespeed.result", "fields": {"benchmark": 6, "value": 1.95510158539, "environment": 1, "date": "2010-01-27 09:41:26", "interpreter": 2, "result_type": "T", "revision": 9}}, {"pk": 62, "model": "codespeed.result", "fields": {"benchmark": 7, "value": 1.21777257919, "environment": 1, "date": "2010-01-27 09:41:26", "interpreter": 2, "result_type": "T", "revision": 9}}, {"pk": 63, "model": "codespeed.result", "fields": {"benchmark": 13, "value": 0.062807464599600002, "environment": 1, "date": "2010-01-27 09:41:26", "interpreter": 2, "result_type": "T", "revision": 9}}, {"pk": 64, "model": "codespeed.result", "fields": {"benchmark": 1, "value": 0.42574295997599998, "environment": 1, "date": "2010-01-27 09:41:27", "interpreter": 2, "result_type": "T", "revision": 10}}, {"pk": 65, "model": "codespeed.result", "fields": {"benchmark": 9, "value": 0.116217041016, "environment": 1, "date": "2010-01-27 09:41:27", "interpreter": 2, "result_type": "T", "revision": 10}}, {"pk": 66, "model": "codespeed.result", "fields": {"benchmark": 2, "value": 0.67578072547900003, "environment": 1, "date": "2010-01-27 09:41:27", "interpreter": 2, "result_type": "T", "revision": 10}}, {"pk": 67, "model": "codespeed.result", "fields": {"benchmark": 10, "value": 0.391155767441, "environment": 1, "date": "2010-01-27 09:41:27", "interpreter": 2, "result_type": "T", "revision": 10}}, {"pk": 68, "model": "codespeed.result", "fields": {"benchmark": 8, "value": 0.12938299179099999, "environment": 1, "date": "2010-01-27 09:41:27", "interpreter": 2, "result_type": "T", "revision": 10}}, {"pk": 69, "model": "codespeed.result", "fields": {"benchmark": 3, "value": 18.0490338802, "environment": 1, "date": "2010-01-27 09:41:27", "interpreter": 2, "result_type": "T", "revision": 10}}, {"pk": 70, "model": "codespeed.result", "fields": {"benchmark": 11, "value": 0.38244643211399998, "environment": 1, "date": "2010-01-27 09:41:27", "interpreter": 2, "result_type": "T", "revision": 10}}, {"pk": 71, "model": "codespeed.result", "fields": {"benchmark": 12, "value": 0.075785207748500005, "environment": 1, "date": "2010-01-27 09:41:27", "interpreter": 2, "result_type": "T", "revision": 10}}, {"pk": 72, "model": "codespeed.result", "fields": {"benchmark": 4, "value": 0.030660200118999999, "environment": 1, "date": "2010-01-27 09:41:27", "interpreter": 2, "result_type": "T", "revision": 10}}, {"pk": 73, "model": "codespeed.result", "fields": {"benchmark": 5, "value": 1.33663039207, "environment": 1, "date": "2010-01-27 09:41:27", "interpreter": 2, "result_type": "T", "revision": 10}}, {"pk": 74, "model": "codespeed.result", "fields": {"benchmark": 6, "value": 1.9485769748699999, "environment": 1, "date": "2010-01-27 09:41:27", "interpreter": 2, "result_type": "T", "revision": 10}}, {"pk": 75, "model": "codespeed.result", "fields": {"benchmark": 7, "value": 1.22385950089, "environment": 1, "date": "2010-01-27 09:41:27", "interpreter": 2, "result_type": "T", "revision": 10}}, {"pk": 76, "model": "codespeed.result", "fields": {"benchmark": 13, "value": 0.063131237029999995, "environment": 1, "date": "2010-01-27 09:41:27", "interpreter": 2, "result_type": "T", "revision": 10}}, {"pk": 77, "model": "codespeed.result", "fields": {"benchmark": 1, "value": 0.43206744194000002, "environment": 1, "date": "2010-01-27 09:41:28", "interpreter": 2, "result_type": "T", "revision": 11}}, {"pk": 78, "model": "codespeed.result", "fields": {"benchmark": 9, "value": 0.120690727234, "environment": 1, "date": "2010-01-27 09:41:28", "interpreter": 2, "result_type": "T", "revision": 11}}, {"pk": 79, "model": "codespeed.result", "fields": {"benchmark": 2, "value": 0.62421946525600003, "environment": 1, "date": "2010-01-27 09:41:28", "interpreter": 2, "result_type": "T", "revision": 11}}, {"pk": 80, "model": "codespeed.result", "fields": {"benchmark": 10, "value": 0.373276233673, "environment": 1, "date": "2010-01-27 09:41:28", "interpreter": 2, "result_type": "T", "revision": 11}}, {"pk": 81, "model": "codespeed.result", "fields": {"benchmark": 8, "value": 0.15013499259999999, "environment": 1, "date": "2010-01-27 09:41:28", "interpreter": 2, "result_type": "T", "revision": 11}}, {"pk": 82, "model": "codespeed.result", "fields": {"benchmark": 3, "value": 18.6344439983, "environment": 1, "date": "2010-01-27 09:41:28", "interpreter": 2, "result_type": "T", "revision": 11}}, {"pk": 83, "model": "codespeed.result", "fields": {"benchmark": 11, "value": 0.38476510047899998, "environment": 1, "date": "2010-01-27 09:41:28", "interpreter": 2, "result_type": "T", "revision": 11}}, {"pk": 84, "model": "codespeed.result", "fields": {"benchmark": 12, "value": 0.077058410644600006, "environment": 1, "date": "2010-01-27 09:41:28", "interpreter": 2, "result_type": "T", "revision": 11}}, {"pk": 85, "model": "codespeed.result", "fields": {"benchmark": 4, "value": 0.030047035217300001, "environment": 1, "date": "2010-01-27 09:41:28", "interpreter": 2, "result_type": "T", "revision": 11}}, {"pk": 86, "model": "codespeed.result", "fields": {"benchmark": 5, "value": 1.3758056163800001, "environment": 1, "date": "2010-01-27 09:41:28", "interpreter": 2, "result_type": "T", "revision": 11}}, {"pk": 87, "model": "codespeed.result", "fields": {"benchmark": 6, "value": 2.0055235862699998, "environment": 1, "date": "2010-01-27 09:41:28", "interpreter": 2, "result_type": "T", "revision": 11}}, {"pk": 88, "model": "codespeed.result", "fields": {"benchmark": 7, "value": 1.2375351429000001, "environment": 1, "date": "2010-01-27 09:41:28", "interpreter": 2, "result_type": "T", "revision": 11}}, {"pk": 89, "model": "codespeed.result", "fields": {"benchmark": 13, "value": 0.063822555542000003, "environment": 1, "date": "2010-01-27 09:41:28", "interpreter": 2, "result_type": "T", "revision": 11}}, {"pk": 90, "model": "codespeed.result", "fields": {"benchmark": 14, "value": 0.65200000000000002, "environment": 1, "date": "2010-01-27 09:41:28", "interpreter": 2, "result_type": "T", "revision": 11}}, {"pk": 91, "model": "codespeed.result", "fields": {"benchmark": 1, "value": 0.43032097816499998, "environment": 1, "date": "2010-01-27 09:41:29", "interpreter": 2, "result_type": "T", "revision": 12}}, {"pk": 92, "model": "codespeed.result", "fields": {"benchmark": 9, "value": 0.11874918937700001, "environment": 1, "date": "2010-01-27 09:41:29", "interpreter": 2, "result_type": "T", "revision": 12}}, {"pk": 93, "model": "codespeed.result", "fields": {"benchmark": 2, "value": 0.65952877998299997, "environment": 1, "date": "2010-01-27 09:41:29", "interpreter": 2, "result_type": "T", "revision": 12}}, {"pk": 94, "model": "codespeed.result", "fields": {"benchmark": 10, "value": 0.38479938507099998, "environment": 1, "date": "2010-01-27 09:41:29", "interpreter": 2, "result_type": "T", "revision": 12}}, {"pk": 95, "model": "codespeed.result", "fields": {"benchmark": 8, "value": 0.148169994354, "environment": 1, "date": "2010-01-27 09:41:29", "interpreter": 2, "result_type": "T", "revision": 12}}, {"pk": 96, "model": "codespeed.result", "fields": {"benchmark": 3, "value": 18.341817855799999, "environment": 1, "date": "2010-01-27 09:41:29", "interpreter": 2, "result_type": "T", "revision": 12}}, {"pk": 97, "model": "codespeed.result", "fields": {"benchmark": 11, "value": 0.38457193374600002, "environment": 1, "date": "2010-01-27 09:41:29", "interpreter": 2, "result_type": "T", "revision": 12}}, {"pk": 98, "model": "codespeed.result", "fields": {"benchmark": 12, "value": 0.079361963272, "environment": 1, "date": "2010-01-27 09:41:29", "interpreter": 2, "result_type": "T", "revision": 12}}, {"pk": 99, "model": "codespeed.result", "fields": {"benchmark": 4, "value": 0.030018854141200001, "environment": 1, "date": "2010-01-27 09:41:29", "interpreter": 2, "result_type": "T", "revision": 12}}, {"pk": 100, "model": "codespeed.result", "fields": {"benchmark": 5, "value": 1.3934579849299999, "environment": 1, "date": "2010-01-27 09:41:29", "interpreter": 2, "result_type": "T", "revision": 12}}, {"pk": 101, "model": "codespeed.result", "fields": {"benchmark": 6, "value": 1.9659803867300001, "environment": 1, "date": "2010-01-27 09:41:29", "interpreter": 2, "result_type": "T", "revision": 12}}, {"pk": 102, "model": "codespeed.result", "fields": {"benchmark": 7, "value": 1.24824433327, "environment": 1, "date": "2010-01-27 09:41:29", "interpreter": 2, "result_type": "T", "revision": 12}}, {"pk": 103, "model": "codespeed.result", "fields": {"benchmark": 13, "value": 0.0622970581055, "environment": 1, "date": "2010-01-27 09:41:29", "interpreter": 2, "result_type": "T", "revision": 12}}, {"pk": 104, "model": "codespeed.result", "fields": {"benchmark": 14, "value": 0.624, "environment": 1, "date": "2010-01-27 09:41:29", "interpreter": 2, "result_type": "T", "revision": 12}}, {"pk": 105, "model": "codespeed.result", "fields": {"benchmark": 1, "value": 0.42947344780000002, "environment": 1, "date": "2010-01-27 09:41:30", "interpreter": 2, "result_type": "T", "revision": 13}}, {"pk": 106, "model": "codespeed.result", "fields": {"benchmark": 9, "value": 0.118019390106, "environment": 1, "date": "2010-01-27 09:41:30", "interpreter": 2, "result_type": "T", "revision": 13}}, {"pk": 107, "model": "codespeed.result", "fields": {"benchmark": 2, "value": 0.64448981285100004, "environment": 1, "date": "2010-01-27 09:41:30", "interpreter": 2, "result_type": "T", "revision": 13}}, {"pk": 108, "model": "codespeed.result", "fields": {"benchmark": 10, "value": 0.39367756843500001, "environment": 1, "date": "2010-01-27 09:41:30", "interpreter": 2, "result_type": "T", "revision": 13}}, {"pk": 109, "model": "codespeed.result", "fields": {"benchmark": 8, "value": 0.131764364243, "environment": 1, "date": "2010-01-27 09:41:30", "interpreter": 2, "result_type": "T", "revision": 13}}, {"pk": 110, "model": "codespeed.result", "fields": {"benchmark": 15, "value": 7.6069629192399999, "environment": 1, "date": "2010-01-27 09:41:30", "interpreter": 2, "result_type": "T", "revision": 13}}, {"pk": 111, "model": "codespeed.result", "fields": {"benchmark": 3, "value": 18.664299011200001, "environment": 1, "date": "2010-01-27 09:41:30", "interpreter": 2, "result_type": "T", "revision": 13}}, {"pk": 112, "model": "codespeed.result", "fields": {"benchmark": 11, "value": 0.38062396049500002, "environment": 1, "date": "2010-01-27 09:41:30", "interpreter": 2, "result_type": "T", "revision": 13}}, {"pk": 113, "model": "codespeed.result", "fields": {"benchmark": 12, "value": 0.079070186614999996, "environment": 1, "date": "2010-01-27 09:41:30", "interpreter": 2, "result_type": "T", "revision": 13}}, {"pk": 114, "model": "codespeed.result", "fields": {"benchmark": 4, "value": 0.029060602188099999, "environment": 1, "date": "2010-01-27 09:41:30", "interpreter": 2, "result_type": "T", "revision": 13}}, {"pk": 115, "model": "codespeed.result", "fields": {"benchmark": 5, "value": 1.36374936104, "environment": 1, "date": "2010-01-27 09:41:30", "interpreter": 2, "result_type": "T", "revision": 13}}, {"pk": 116, "model": "codespeed.result", "fields": {"benchmark": 6, "value": 1.9975749492599999, "environment": 1, "date": "2010-01-27 09:41:30", "interpreter": 2, "result_type": "T", "revision": 13}}, {"pk": 117, "model": "codespeed.result", "fields": {"benchmark": 7, "value": 1.2262028217300001, "environment": 1, "date": "2010-01-27 09:41:30", "interpreter": 2, "result_type": "T", "revision": 13}}, {"pk": 118, "model": "codespeed.result", "fields": {"benchmark": 13, "value": 0.067093992233299996, "environment": 1, "date": "2010-01-27 09:41:30", "interpreter": 2, "result_type": "T", "revision": 13}}, {"pk": 119, "model": "codespeed.result", "fields": {"benchmark": 14, "value": 0.63600000000000001, "environment": 1, "date": "2010-01-27 09:41:30", "interpreter": 2, "result_type": "T", "revision": 13}}, {"pk": 120, "model": "codespeed.result", "fields": {"benchmark": 1, "value": 0.43611154556300002, "environment": 1, "date": "2010-01-27 09:41:31", "interpreter": 2, "result_type": "T", "revision": 14}}, {"pk": 121, "model": "codespeed.result", "fields": {"benchmark": 9, "value": 0.122742033005, "environment": 1, "date": "2010-01-27 09:41:31", "interpreter": 2, "result_type": "T", "revision": 14}}, {"pk": 122, "model": "codespeed.result", "fields": {"benchmark": 2, "value": 0.67777743339499996, "environment": 1, "date": "2010-01-27 09:41:31", "interpreter": 2, "result_type": "T", "revision": 14}}, {"pk": 123, "model": "codespeed.result", "fields": {"benchmark": 10, "value": 0.38444399833699999, "environment": 1, "date": "2010-01-27 09:41:31", "interpreter": 2, "result_type": "T", "revision": 14}}, {"pk": 124, "model": "codespeed.result", "fields": {"benchmark": 8, "value": 0.146523761749, "environment": 1, "date": "2010-01-27 09:41:31", "interpreter": 2, "result_type": "T", "revision": 14}}, {"pk": 125, "model": "codespeed.result", "fields": {"benchmark": 15, "value": 7.8365619182600001, "environment": 1, "date": "2010-01-27 09:41:31", "interpreter": 2, "result_type": "T", "revision": 14}}, {"pk": 126, "model": "codespeed.result", "fields": {"benchmark": 3, "value": 19.585288047799999, "environment": 1, "date": "2010-01-27 09:41:31", "interpreter": 2, "result_type": "T", "revision": 14}}, {"pk": 127, "model": "codespeed.result", "fields": {"benchmark": 11, "value": 0.39473080635000002, "environment": 1, "date": "2010-01-27 09:41:31", "interpreter": 2, "result_type": "T", "revision": 14}}, {"pk": 128, "model": "codespeed.result", "fields": {"benchmark": 12, "value": 0.074167156219499999, "environment": 1, "date": "2010-01-27 09:41:31", "interpreter": 2, "result_type": "T", "revision": 14}}, {"pk": 129, "model": "codespeed.result", "fields": {"benchmark": 4, "value": 0.0297776699066, "environment": 1, "date": "2010-01-27 09:41:31", "interpreter": 2, "result_type": "T", "revision": 14}}, {"pk": 130, "model": "codespeed.result", "fields": {"benchmark": 5, "value": 1.45638175011, "environment": 1, "date": "2010-01-27 09:41:31", "interpreter": 2, "result_type": "T", "revision": 14}}, {"pk": 131, "model": "codespeed.result", "fields": {"benchmark": 6, "value": 1.9965989589699999, "environment": 1, "date": "2010-01-27 09:41:31", "interpreter": 2, "result_type": "T", "revision": 14}}, {"pk": 132, "model": "codespeed.result", "fields": {"benchmark": 7, "value": 1.26717119217, "environment": 1, "date": "2010-01-27 09:41:31", "interpreter": 2, "result_type": "T", "revision": 14}}, {"pk": 133, "model": "codespeed.result", "fields": {"benchmark": 13, "value": 0.065821361541800003, "environment": 1, "date": "2010-01-27 09:41:31", "interpreter": 2, "result_type": "T", "revision": 14}}, {"pk": 134, "model": "codespeed.result", "fields": {"benchmark": 14, "value": 0.63400000000000001, "environment": 1, "date": "2010-01-27 09:41:31", "interpreter": 2, "result_type": "T", "revision": 14}}, {"pk": 135, "model": "codespeed.result", "fields": {"benchmark": 1, "value": 0.426050901413, "environment": 1, "date": "2010-01-27 09:41:32", "interpreter": 2, "result_type": "T", "revision": 15}}, {"pk": 136, "model": "codespeed.result", "fields": {"benchmark": 9, "value": 0.122226619721, "environment": 1, "date": "2010-01-27 09:41:32", "interpreter": 2, "result_type": "T", "revision": 15}}, {"pk": 137, "model": "codespeed.result", "fields": {"benchmark": 2, "value": 0.67538876533500003, "environment": 1, "date": "2010-01-27 09:41:32", "interpreter": 2, "result_type": "T", "revision": 15}}, {"pk": 138, "model": "codespeed.result", "fields": {"benchmark": 10, "value": 0.38024778366099998, "environment": 1, "date": "2010-01-27 09:41:32", "interpreter": 2, "result_type": "T", "revision": 15}}, {"pk": 139, "model": "codespeed.result", "fields": {"benchmark": 8, "value": 0.142001438141, "environment": 1, "date": "2010-01-27 09:41:32", "interpreter": 2, "result_type": "T", "revision": 15}}, {"pk": 140, "model": "codespeed.result", "fields": {"benchmark": 15, "value": 7.6646499633799996, "environment": 1, "date": "2010-01-27 09:41:32", "interpreter": 2, "result_type": "T", "revision": 15}}, {"pk": 141, "model": "codespeed.result", "fields": {"benchmark": 3, "value": 19.0767159462, "environment": 1, "date": "2010-01-27 09:41:32", "interpreter": 2, "result_type": "T", "revision": 15}}, {"pk": 142, "model": "codespeed.result", "fields": {"benchmark": 11, "value": 0.38860616683999999, "environment": 1, "date": "2010-01-27 09:41:32", "interpreter": 2, "result_type": "T", "revision": 15}}, {"pk": 143, "model": "codespeed.result", "fields": {"benchmark": 12, "value": 0.074223804473800004, "environment": 1, "date": "2010-01-27 09:41:32", "interpreter": 2, "result_type": "T", "revision": 15}}, {"pk": 144, "model": "codespeed.result", "fields": {"benchmark": 4, "value": 0.030911397933999999, "environment": 1, "date": "2010-01-27 09:41:32", "interpreter": 2, "result_type": "T", "revision": 15}}, {"pk": 145, "model": "codespeed.result", "fields": {"benchmark": 5, "value": 1.4178003788, "environment": 1, "date": "2010-01-27 09:41:32", "interpreter": 2, "result_type": "T", "revision": 15}}, {"pk": 146, "model": "codespeed.result", "fields": {"benchmark": 6, "value": 1.95840940476, "environment": 1, "date": "2010-01-27 09:41:32", "interpreter": 2, "result_type": "T", "revision": 15}}, {"pk": 147, "model": "codespeed.result", "fields": {"benchmark": 7, "value": 1.2289570808400001, "environment": 1, "date": "2010-01-27 09:41:32", "interpreter": 2, "result_type": "T", "revision": 15}}, {"pk": 148, "model": "codespeed.result", "fields": {"benchmark": 13, "value": 0.068292617797899996, "environment": 1, "date": "2010-01-27 09:41:32", "interpreter": 2, "result_type": "T", "revision": 15}}, {"pk": 149, "model": "codespeed.result", "fields": {"benchmark": 14, "value": 0.64400000000000002, "environment": 1, "date": "2010-01-27 09:41:32", "interpreter": 2, "result_type": "T", "revision": 15}}, {"pk": 150, "model": "codespeed.result", "fields": {"benchmark": 1, "value": 0.43184123039299999, "environment": 1, "date": "2010-01-27 09:41:33", "interpreter": 2, "result_type": "T", "revision": 16}}, {"pk": 151, "model": "codespeed.result", "fields": {"benchmark": 9, "value": 0.128963375091, "environment": 1, "date": "2010-01-27 09:41:33", "interpreter": 2, "result_type": "T", "revision": 16}}, {"pk": 152, "model": "codespeed.result", "fields": {"benchmark": 2, "value": 0.67031297683699997, "environment": 1, "date": "2010-01-27 09:41:33", "interpreter": 2, "result_type": "T", "revision": 16}}, {"pk": 153, "model": "codespeed.result", "fields": {"benchmark": 10, "value": 0.37783699035599999, "environment": 1, "date": "2010-01-27 09:41:33", "interpreter": 2, "result_type": "T", "revision": 16}}, {"pk": 154, "model": "codespeed.result", "fields": {"benchmark": 8, "value": 0.14520840644800001, "environment": 1, "date": "2010-01-27 09:41:33", "interpreter": 2, "result_type": "T", "revision": 16}}, {"pk": 155, "model": "codespeed.result", "fields": {"benchmark": 15, "value": 7.7148549556699999, "environment": 1, "date": "2010-01-27 09:41:33", "interpreter": 2, "result_type": "T", "revision": 16}}, {"pk": 156, "model": "codespeed.result", "fields": {"benchmark": 3, "value": 19.313369989400002, "environment": 1, "date": "2010-01-27 09:41:33", "interpreter": 2, "result_type": "T", "revision": 16}}, {"pk": 157, "model": "codespeed.result", "fields": {"benchmark": 11, "value": 0.40089354515100001, "environment": 1, "date": "2010-01-27 09:41:33", "interpreter": 2, "result_type": "T", "revision": 16}}, {"pk": 158, "model": "codespeed.result", "fields": {"benchmark": 12, "value": 0.076049709320000006, "environment": 1, "date": "2010-01-27 09:41:33", "interpreter": 2, "result_type": "T", "revision": 16}}, {"pk": 159, "model": "codespeed.result", "fields": {"benchmark": 4, "value": 0.030450057983399999, "environment": 1, "date": "2010-01-27 09:41:33", "interpreter": 2, "result_type": "T", "revision": 16}}, {"pk": 160, "model": "codespeed.result", "fields": {"benchmark": 5, "value": 1.41337842941, "environment": 1, "date": "2010-01-27 09:41:33", "interpreter": 2, "result_type": "T", "revision": 16}}, {"pk": 161, "model": "codespeed.result", "fields": {"benchmark": 6, "value": 2.0009929657000001, "environment": 1, "date": "2010-01-27 09:41:33", "interpreter": 2, "result_type": "T", "revision": 16}}, {"pk": 162, "model": "codespeed.result", "fields": {"benchmark": 7, "value": 1.2717852592500001, "environment": 1, "date": "2010-01-27 09:41:33", "interpreter": 2, "result_type": "T", "revision": 16}}, {"pk": 163, "model": "codespeed.result", "fields": {"benchmark": 13, "value": 0.067063713073700001, "environment": 1, "date": "2010-01-27 09:41:33", "interpreter": 2, "result_type": "T", "revision": 16}}, {"pk": 164, "model": "codespeed.result", "fields": {"benchmark": 14, "value": 0.68799999999999994, "environment": 1, "date": "2010-01-27 09:41:33", "interpreter": 2, "result_type": "T", "revision": 16}}, {"pk": 165, "model": "codespeed.result", "fields": {"benchmark": 1, "value": 0.428143215179, "environment": 1, "date": "2010-01-27 09:41:34", "interpreter": 2, "result_type": "T", "revision": 17}}, {"pk": 166, "model": "codespeed.result", "fields": {"benchmark": 9, "value": 0.117868947983, "environment": 1, "date": "2010-01-27 09:41:34", "interpreter": 2, "result_type": "T", "revision": 17}}, {"pk": 167, "model": "codespeed.result", "fields": {"benchmark": 2, "value": 0.585657787323, "environment": 1, "date": "2010-01-27 09:41:34", "interpreter": 2, "result_type": "T", "revision": 17}}, {"pk": 168, "model": "codespeed.result", "fields": {"benchmark": 10, "value": 0.38937940597499998, "environment": 1, "date": "2010-01-27 09:41:34", "interpreter": 2, "result_type": "T", "revision": 17}}, {"pk": 169, "model": "codespeed.result", "fields": {"benchmark": 8, "value": 0.130286979675, "environment": 1, "date": "2010-01-27 09:41:34", "interpreter": 2, "result_type": "T", "revision": 17}}, {"pk": 170, "model": "codespeed.result", "fields": {"benchmark": 15, "value": 5.4381451606800004, "environment": 1, "date": "2010-01-27 09:41:34", "interpreter": 2, "result_type": "T", "revision": 17}}, {"pk": 171, "model": "codespeed.result", "fields": {"benchmark": 3, "value": 19.300865888600001, "environment": 1, "date": "2010-01-27 09:41:34", "interpreter": 2, "result_type": "T", "revision": 17}}, {"pk": 172, "model": "codespeed.result", "fields": {"benchmark": 11, "value": 0.39005379676800001, "environment": 1, "date": "2010-01-27 09:41:34", "interpreter": 2, "result_type": "T", "revision": 17}}, {"pk": 173, "model": "codespeed.result", "fields": {"benchmark": 12, "value": 0.073681354522599996, "environment": 1, "date": "2010-01-27 09:41:34", "interpreter": 2, "result_type": "T", "revision": 17}}, {"pk": 174, "model": "codespeed.result", "fields": {"benchmark": 4, "value": 0.027494049072299999, "environment": 1, "date": "2010-01-27 09:41:34", "interpreter": 2, "result_type": "T", "revision": 17}}, {"pk": 175, "model": "codespeed.result", "fields": {"benchmark": 5, "value": 1.39566936493, "environment": 1, "date": "2010-01-27 09:41:34", "interpreter": 2, "result_type": "T", "revision": 17}}, {"pk": 176, "model": "codespeed.result", "fields": {"benchmark": 6, "value": 1.9981239795700001, "environment": 1, "date": "2010-01-27 09:41:34", "interpreter": 2, "result_type": "T", "revision": 17}}, {"pk": 177, "model": "codespeed.result", "fields": {"benchmark": 7, "value": 1.21310677528, "environment": 1, "date": "2010-01-27 09:41:34", "interpreter": 2, "result_type": "T", "revision": 17}}, {"pk": 178, "model": "codespeed.result", "fields": {"benchmark": 13, "value": 0.0675278663635, "environment": 1, "date": "2010-01-27 09:41:34", "interpreter": 2, "result_type": "T", "revision": 17}}, {"pk": 179, "model": "codespeed.result", "fields": {"benchmark": 14, "value": 0.53000000000000003, "environment": 1, "date": "2010-01-27 09:41:34", "interpreter": 2, "result_type": "T", "revision": 17}}, {"pk": 180, "model": "codespeed.result", "fields": {"benchmark": 1, "value": 0.42251968383799998, "environment": 1, "date": "2010-01-27 09:41:35", "interpreter": 2, "result_type": "T", "revision": 18}}, {"pk": 181, "model": "codespeed.result", "fields": {"benchmark": 9, "value": 0.11669778823800001, "environment": 1, "date": "2010-01-27 09:41:35", "interpreter": 2, "result_type": "T", "revision": 18}}, {"pk": 182, "model": "codespeed.result", "fields": {"benchmark": 2, "value": 0.629346036911, "environment": 1, "date": "2010-01-27 09:41:35", "interpreter": 2, "result_type": "T", "revision": 18}}, {"pk": 183, "model": "codespeed.result", "fields": {"benchmark": 10, "value": 0.39522018432599998, "environment": 1, "date": "2010-01-27 09:41:35", "interpreter": 2, "result_type": "T", "revision": 18}}, {"pk": 184, "model": "codespeed.result", "fields": {"benchmark": 8, "value": 0.14308924675000001, "environment": 1, "date": "2010-01-27 09:41:35", "interpreter": 2, "result_type": "T", "revision": 18}}, {"pk": 185, "model": "codespeed.result", "fields": {"benchmark": 15, "value": 5.0056009292599999, "environment": 1, "date": "2010-01-27 09:41:35", "interpreter": 2, "result_type": "T", "revision": 18}}, {"pk": 186, "model": "codespeed.result", "fields": {"benchmark": 3, "value": 18.969789028200001, "environment": 1, "date": "2010-01-27 09:41:35", "interpreter": 2, "result_type": "T", "revision": 18}}, {"pk": 187, "model": "codespeed.result", "fields": {"benchmark": 11, "value": 0.38797254562400002, "environment": 1, "date": "2010-01-27 09:41:35", "interpreter": 2, "result_type": "T", "revision": 18}}, {"pk": 188, "model": "codespeed.result", "fields": {"benchmark": 12, "value": 0.072004508972299999, "environment": 1, "date": "2010-01-27 09:41:35", "interpreter": 2, "result_type": "T", "revision": 18}}, {"pk": 189, "model": "codespeed.result", "fields": {"benchmark": 4, "value": 0.027719545364400001, "environment": 1, "date": "2010-01-27 09:41:35", "interpreter": 2, "result_type": "T", "revision": 18}}, {"pk": 190, "model": "codespeed.result", "fields": {"benchmark": 5, "value": 1.4016525745399999, "environment": 1, "date": "2010-01-27 09:41:35", "interpreter": 2, "result_type": "T", "revision": 18}}, {"pk": 191, "model": "codespeed.result", "fields": {"benchmark": 6, "value": 2.0152218341800001, "environment": 1, "date": "2010-01-27 09:41:35", "interpreter": 2, "result_type": "T", "revision": 18}}, {"pk": 192, "model": "codespeed.result", "fields": {"benchmark": 7, "value": 1.2458042144799999, "environment": 1, "date": "2010-01-27 09:41:35", "interpreter": 2, "result_type": "T", "revision": 18}}, {"pk": 193, "model": "codespeed.result", "fields": {"benchmark": 13, "value": 0.066313076019300005, "environment": 1, "date": "2010-01-27 09:41:35", "interpreter": 2, "result_type": "T", "revision": 18}}, {"pk": 194, "model": "codespeed.result", "fields": {"benchmark": 14, "value": 0.52000000000000002, "environment": 1, "date": "2010-01-27 09:41:35", "interpreter": 2, "result_type": "T", "revision": 18}}, {"pk": 195, "model": "codespeed.result", "fields": {"benchmark": 1, "value": 0.44146103859000002, "environment": 1, "date": "2010-01-27 09:59:21", "interpreter": 2, "result_type": "T", "revision": 19}}, {"pk": 196, "model": "codespeed.result", "fields": {"benchmark": 9, "value": 0.116399478912, "environment": 1, "date": "2010-01-27 09:59:21", "interpreter": 2, "result_type": "T", "revision": 19}}, {"pk": 197, "model": "codespeed.result", "fields": {"benchmark": 2, "value": 0.56150536537200002, "environment": 1, "date": "2010-01-27 09:59:21", "interpreter": 2, "result_type": "T", "revision": 19}}, {"pk": 198, "model": "codespeed.result", "fields": {"benchmark": 10, "value": 0.37951617240899999, "environment": 1, "date": "2010-01-27 09:59:21", "interpreter": 2, "result_type": "T", "revision": 19}}, {"pk": 199, "model": "codespeed.result", "fields": {"benchmark": 8, "value": 0.14459261894200001, "environment": 1, "date": "2010-01-27 09:59:21", "interpreter": 2, "result_type": "T", "revision": 19}}, {"pk": 200, "model": "codespeed.result", "fields": {"benchmark": 15, "value": 5.2366421222700001, "environment": 1, "date": "2010-01-27 09:59:21", "interpreter": 2, "result_type": "T", "revision": 19}}, {"pk": 201, "model": "codespeed.result", "fields": {"benchmark": 3, "value": 18.872216939899999, "environment": 1, "date": "2010-01-27 09:59:21", "interpreter": 2, "result_type": "T", "revision": 19}}, {"pk": 202, "model": "codespeed.result", "fields": {"benchmark": 11, "value": 0.386883449554, "environment": 1, "date": "2010-01-27 09:59:21", "interpreter": 2, "result_type": "T", "revision": 19}}, {"pk": 203, "model": "codespeed.result", "fields": {"benchmark": 12, "value": 0.077071142196599995, "environment": 1, "date": "2010-01-27 09:59:21", "interpreter": 2, "result_type": "T", "revision": 19}}, {"pk": 204, "model": "codespeed.result", "fields": {"benchmark": 4, "value": 0.029833173751799998, "environment": 1, "date": "2010-01-27 09:59:21", "interpreter": 2, "result_type": "T", "revision": 19}}, {"pk": 205, "model": "codespeed.result", "fields": {"benchmark": 5, "value": 1.35280065537, "environment": 1, "date": "2010-01-27 09:59:21", "interpreter": 2, "result_type": "T", "revision": 19}}, {"pk": 206, "model": "codespeed.result", "fields": {"benchmark": 6, "value": 1.9402369976, "environment": 1, "date": "2010-01-27 09:59:21", "interpreter": 2, "result_type": "T", "revision": 19}}, {"pk": 207, "model": "codespeed.result", "fields": {"benchmark": 7, "value": 1.1963545799299999, "environment": 1, "date": "2010-01-27 09:59:21", "interpreter": 2, "result_type": "T", "revision": 19}}, {"pk": 208, "model": "codespeed.result", "fields": {"benchmark": 13, "value": 0.066495370864899997, "environment": 1, "date": "2010-01-27 09:59:21", "interpreter": 2, "result_type": "T", "revision": 19}}, {"pk": 209, "model": "codespeed.result", "fields": {"benchmark": 14, "value": 0.46600000000000003, "environment": 1, "date": "2010-01-27 09:59:21", "interpreter": 2, "result_type": "T", "revision": 19}}, {"pk": 210, "model": "codespeed.result", "fields": {"benchmark": 9, "value": 0.41664323806800002, "environment": 1, "date": "2010-01-27 15:02:32", "interpreter": 1, "result_type": "T", "revision": 3}}, {"pk": 211, "model": "codespeed.result", "fields": {"benchmark": 10, "value": 1.8286975860600001, "environment": 1, "date": "2010-01-27 15:02:32", "interpreter": 1, "result_type": "T", "revision": 3}}, {"pk": 212, "model": "codespeed.result", "fields": {"benchmark": 8, "value": 0.50340080261200004, "environment": 1, "date": "2010-01-27 15:02:32", "interpreter": 1, "result_type": "T", "revision": 3}}, {"pk": 213, "model": "codespeed.result", "fields": {"benchmark": 15, "value": 27.453859090800002, "environment": 1, "date": "2010-01-27 15:02:32", "interpreter": 1, "result_type": "T", "revision": 3}}, {"pk": 214, "model": "codespeed.result", "fields": {"benchmark": 11, "value": 0.31127257347100001, "environment": 1, "date": "2010-01-27 15:02:32", "interpreter": 1, "result_type": "T", "revision": 3}}, {"pk": 215, "model": "codespeed.result", "fields": {"benchmark": 12, "value": 0.54108843803399997, "environment": 1, "date": "2010-01-27 15:02:32", "interpreter": 1, "result_type": "T", "revision": 3}}, {"pk": 216, "model": "codespeed.result", "fields": {"benchmark": 13, "value": 0.484123945236, "environment": 1, "date": "2010-01-27 15:02:32", "interpreter": 1, "result_type": "T", "revision": 3}}, {"pk": 217, "model": "codespeed.result", "fields": {"benchmark": 14, "value": 1.006, "environment": 1, "date": "2010-01-27 15:02:32", "interpreter": 1, "result_type": "T", "revision": 3}}]
