[{"pk": 13, "model": "contenttypes.contenttype", "fields": {"model": "benchmark", "name": "benchmark", "app_label": "codespeed"}}, {"pk": 10, "model": "contenttypes.contenttype", "fields": {"model": "branch", "name": "branch", "app_label": "codespeed"}}, {"pk": 5, "model": "contenttypes.contenttype", "fields": {"model": "contenttype", "name": "content type", "app_label": "contenttypes"}}, {"pk": 14, "model": "contenttypes.contenttype", "fields": {"model": "environment", "name": "environment", "app_label": "codespeed"}}, {"pk": 12, "model": "contenttypes.contenttype", "fields": {"model": "executable", "name": "executable", "app_label": "codespeed"}}, {"pk": 2, "model": "contenttypes.contenttype", "fields": {"model": "group", "name": "group", "app_label": "auth"}}, {"pk": 7, "model": "contenttypes.contenttype", "fields": {"model": "logentry", "name": "log entry", "app_label": "admin"}}, {"pk": 4, "model": "contenttypes.contenttype", "fields": {"model": "message", "name": "message", "app_label": "auth"}}, {"pk": 8, "model": "contenttypes.contenttype", "fields": {"model": "migrationhistory", "name": "migration history", "app_label": "south"}}, {"pk": 1, "model": "contenttypes.contenttype", "fields": {"model": "permission", "name": "permission", "app_label": "auth"}}, {"pk": 9, "model": "contenttypes.contenttype", "fields": {"model": "project", "name": "project", "app_label": "codespeed"}}, {"pk": 16, "model": "contenttypes.contenttype", "fields": {"model": "report", "name": "report", "app_label": "codespeed"}}, {"pk": 15, "model": "contenttypes.contenttype", "fields": {"model": "result", "name": "result", "app_label": "codespeed"}}, {"pk": 11, "model": "contenttypes.contenttype", "fields": {"model": "revision", "name": "revision", "app_label": "codespeed"}}, {"pk": 6, "model": "contenttypes.contenttype", "fields": {"model": "session", "name": "session", "app_label": "sessions"}}, {"pk": 3, "model": "contenttypes.contenttype", "fields": {"model": "user", "name": "user", "app_label": "auth"}}, {"pk": "8cd3975e88741be4e587f5beb824bf99", "model": "sessions.session", "fields": {"expire_date": "2011-04-27 14:33:23", "session_data": "gAJ9cQEoVRJfYXV0aF91c2VyX2JhY2tlbmRxAlUpZGphbmdvLmNvbnRyaWIuYXV0aC5iYWNrZW5k\ncy5Nb2RlbEJhY2tlbmRxA1UNX2F1dGhfdXNlcl9pZHEESwF1LjIzZDAzYjU0MjVkNWI4MDJlMDRh\nMWQ2ZWVjYTZlYWMx\n"}}, {"pk": "43629e2e2be7f06b848637f25bdbbcf7", "model": "sessions.session", "fields": {"expire_date": "2011-05-01 03:02:20", "session_data": "gAJ9cQEoVRJfYXV0aF91c2VyX2JhY2tlbmRxAlUpZGphbmdvLmNvbnRyaWIuYXV0aC5iYWNrZW5k\ncy5Nb2RlbEJhY2tlbmRxA1UNX2F1dGhfdXNlcl9pZHEESwF1LjIzZDAzYjU0MjVkNWI4MDJlMDRh\nMWQ2ZWVjYTZlYWMx\n"}}, {"pk": "c8302f3e775e0039129534ea6aa9d2b6", "model": "sessions.session", "fields": {"expire_date": "2011-06-03 02:41:56", "session_data": "gAJ9cQEoVRJfYXV0aF91c2VyX2JhY2tlbmRxAlUpZGphbmdvLmNvbnRyaWIuYXV0aC5iYWNrZW5k\ncy5Nb2RlbEJhY2tlbmRxA1UNX2F1dGhfdXNlcl9pZHEESwF1LjIzZDAzYjU0MjVkNWI4MDJlMDRh\nMWQ2ZWVjYTZlYWMx\n"}}, {"pk": "9aba7ff3caac954cabb7b2aa1779cc9b", "model": "sessions.session", "fields": {"expire_date": "2011-06-12 06:23:15", "session_data": "gAJ9cQEoVRJfYXV0aF91c2VyX2JhY2tlbmRxAlUpZGphbmdvLmNvbnRyaWIuYXV0aC5iYWNrZW5k\ncy5Nb2RlbEJhY2tlbmRxA1UNX2F1dGhfdXNlcl9pZHEESwF1LjIzZDAzYjU0MjVkNWI4MDJlMDRh\nMWQ2ZWVjYTZlYWMx\n"}}, {"pk": "4fe58b2d5776a995344e7083d2cb883f", "model": "sessions.session", "fields": {"expire_date": "2011-06-16 08:40:23", "session_data": "gAJ9cQEuYjkzZDg3YWNjNTY3MDJmNjdhMTM3YWQ2ZjY3ZGI0NmI=\n"}}, {"pk": 44, "model": "admin.logentry", "fields": {"action_flag": 1, "action_time": "2011-05-29 06:31:06", "object_repr": "int", "object_id": "2", "change_message": "", "user": 1, "content_type": 13}}, {"pk": 43, "model": "admin.logentry", "fields": {"action_flag": 2, "action_time": "2011-05-29 06:23:38", "object_repr": "MyProject:default", "object_id": "1", "change_message": "Changed name.", "user": 1, "content_type": 10}}, {"pk": 42, "model": "admin.logentry", "fields": {"action_flag": 2, "action_time": "2011-05-29 06:23:26", "object_repr": "BaseProj:default", "object_id": "4", "change_message": "Changed name.", "user": 1, "content_type": 10}}, {"pk": 41, "model": "admin.logentry", "fields": {"action_flag": 2, "action_time": "2011-05-29 06:23:21", "object_repr": "Other:default", "object_id": "3", "change_message": "Changed name.", "user": 1, "content_type": 10}}, {"pk": 40, "model": "admin.logentry", "fields": {"action_flag": 1, "action_time": "2011-05-24 02:38:30", "object_repr": "float: 1850.0", "object_id": "8", "change_message": "", "user": 1, "content_type": 15}}, {"pk": 39, "model": "admin.logentry", "fields": {"action_flag": 1, "action_time": "2011-05-24 02:37:39", "object_repr": "May 24, 09:37 - 444 - 1.0 - trunk", "object_id": "8", "change_message": "", "user": 1, "content_type": 11}}, {"pk": 38, "model": "admin.logentry", "fields": {"action_flag": 1, "action_time": "2011-05-24 02:37:22", "object_repr": "trunk:BaseProj", "object_id": "4", "change_message": "", "user": 1, "content_type": 10}}, {"pk": 37, "model": "admin.logentry", "fields": {"action_flag": 1, "action_time": "2011-05-24 02:36:31", "object_repr": "baseExe", "object_id": "3", "change_message": "", "user": 1, "content_type": 12}}, {"pk": 36, "model": "admin.logentry", "fields": {"action_flag": 1, "action_time": "2011-05-24 02:36:14", "object_repr": "BaseProj", "object_id": "3", "change_message": "", "user": 1, "content_type": 9}}, {"pk": 35, "model": "admin.logentry", "fields": {"action_flag": 2, "action_time": "2011-05-24 02:19:58", "object_repr": "float: 1800.0", "object_id": "4", "change_message": "Changed value.", "user": 1, "content_type": 15}}, {"pk": 34, "model": "admin.logentry", "fields": {"action_flag": 2, "action_time": "2011-05-24 02:19:36", "object_repr": "float: 2100.0", "object_id": "3", "change_message": "Changed value.", "user": 1, "content_type": 15}}, {"pk": 33, "model": "admin.logentry", "fields": {"action_flag": 2, "action_time": "2011-05-20 02:44:38", "object_repr": "Apr 13, 12:03 - 3 - feature", "object_id": "3", "change_message": "Changed date.", "user": 1, "content_type": 11}}, {"pk": 32, "model": "admin.logentry", "fields": {"action_flag": 2, "action_time": "2011-05-20 02:44:05", "object_repr": "Apr 14, 18:04 - 4 - feature", "object_id": "4", "change_message": "Changed date.", "user": 1, "content_type": 11}}, {"pk": 31, "model": "admin.logentry", "fields": {"action_flag": 2, "action_time": "2011-05-20 02:42:07", "object_repr": "Apr 13, 17:03 - 3 - feature", "object_id": "3", "change_message": "Changed date.", "user": 1, "content_type": 11}}, {"pk": 30, "model": "admin.logentry", "fields": {"action_flag": 2, "action_time": "2011-04-17 03:23:10", "object_repr": "trunk - Apr 14, 12:05 - 2", "object_id": "7", "change_message": "Changed date.", "user": 1, "content_type": 11}}, {"pk": 29, "model": "admin.logentry", "fields": {"action_flag": 2, "action_time": "2011-04-17 03:23:04", "object_repr": "trunk - Apr 13, 12:05 - 1", "object_id": "6", "change_message": "Changed date.", "user": 1, "content_type": 11}}, {"pk": 28, "model": "admin.logentry", "fields": {"action_flag": 2, "action_time": "2011-04-17 03:22:25", "object_repr": "trunk - Apr 14, 19:13 - 5", "object_id": "5", "change_message": "Changed date.", "user": 1, "content_type": 11}}, {"pk": 27, "model": "admin.logentry", "fields": {"action_flag": 2, "action_time": "2011-04-17 03:22:16", "object_repr": "feature - Apr 14, 17:04 - 4", "object_id": "4", "change_message": "Changed date.", "user": 1, "content_type": 11}}, {"pk": 26, "model": "admin.logentry", "fields": {"action_flag": 2, "action_time": "2011-04-17 03:22:09", "object_repr": "feature - Apr 13, 17:04 - 3", "object_id": "3", "change_message": "Changed date.", "user": 1, "content_type": 11}}, {"pk": 25, "model": "admin.logentry", "fields": {"action_flag": 2, "action_time": "2011-04-17 03:21:19", "object_repr": "trunk - Apr 16, 19:13 - 5", "object_id": "5", "change_message": "Changed date.", "user": 1, "content_type": 11}}, {"pk": 24, "model": "admin.logentry", "fields": {"action_flag": 2, "action_time": "2011-04-17 03:21:12", "object_repr": "feature - Apr 15, 17:04 - 4", "object_id": "4", "change_message": "Changed date.", "user": 1, "content_type": 11}}, {"pk": 23, "model": "admin.logentry", "fields": {"action_flag": 2, "action_time": "2011-04-17 03:21:06", "object_repr": "feature - Apr 14, 17:04 - 3", "object_id": "3", "change_message": "Changed date.", "user": 1, "content_type": 11}}, {"pk": 22, "model": "admin.logentry", "fields": {"action_flag": 2, "action_time": "2011-04-17 03:21:00", "object_repr": "trunk - Apr 12, 16:43 - 1", "object_id": "1", "change_message": "Changed date.", "user": 1, "content_type": 11}}, {"pk": 21, "model": "admin.logentry", "fields": {"action_flag": 2, "action_time": "2011-04-17 03:19:38", "object_repr": "trunk - Apr 14, 17:05 - 2", "object_id": "7", "change_message": "Changed date.", "user": 1, "content_type": 11}}, {"pk": 20, "model": "admin.logentry", "fields": {"action_flag": 2, "action_time": "2011-04-17 03:19:17", "object_repr": "float: 500.0", "object_id": "7", "change_message": "Changed date.", "user": 1, "content_type": 15}}, {"pk": 19, "model": "admin.logentry", "fields": {"action_flag": 2, "action_time": "2011-04-17 03:17:39", "object_repr": "float: 500.0", "object_id": "7", "change_message": "Changed date.", "user": 1, "content_type": 15}}, {"pk": 18, "model": "admin.logentry", "fields": {"action_flag": 2, "action_time": "2011-04-13 17:13:07", "object_repr": "Apr 13, 19:13 - 5", "object_id": "5", "change_message": "Changed date.", "user": 1, "content_type": 11}}, {"pk": 17, "model": "admin.logentry", "fields": {"action_flag": 2, "action_time": "2011-04-13 15:36:25", "object_repr": "Apr 13, 17:05 - 2", "object_id": "7", "change_message": "No fields changed.", "user": 1, "content_type": 11}}, {"pk": 16, "model": "admin.logentry", "fields": {"action_flag": 1, "action_time": "2011-04-13 15:05:28", "object_repr": "Apr 13, 17:05 - 2", "object_id": "7", "change_message": "", "user": 1, "content_type": 11}}, {"pk": 15, "model": "admin.logentry", "fields": {"action_flag": 1, "action_time": "2011-04-13 15:05:16", "object_repr": "Apr 13, 17:05 - 1", "object_id": "6", "change_message": "", "user": 1, "content_type": 11}}, {"pk": 14, "model": "admin.logentry", "fields": {"action_flag": 1, "action_time": "2011-04-13 15:05:06", "object_repr": "Apr 13, 17:05 - 5", "object_id": "5", "change_message": "", "user": 1, "content_type": 11}}, {"pk": 13, "model": "admin.logentry", "fields": {"action_flag": 1, "action_time": "2011-04-13 15:04:56", "object_repr": "Apr 13, 17:04 - 4", "object_id": "4", "change_message": "", "user": 1, "content_type": 11}}, {"pk": 12, "model": "admin.logentry", "fields": {"action_flag": 1, "action_time": "2011-04-13 15:04:47", "object_repr": "Apr 13, 17:04 - 3", "object_id": "3", "change_message": "", "user": 1, "content_type": 11}}, {"pk": 11, "model": "admin.logentry", "fields": {"action_flag": 1, "action_time": "2011-04-13 15:04:31", "object_repr": "Apr 13, 17:04 - 2", "object_id": "2", "change_message": "", "user": 1, "content_type": 11}}, {"pk": 10, "model": "admin.logentry", "fields": {"action_flag": 1, "action_time": "2011-04-13 14:51:53", "object_repr": "trunk:Other", "object_id": "3", "change_message": "", "user": 1, "content_type": 10}}, {"pk": 9, "model": "admin.logentry", "fields": {"action_flag": 1, "action_time": "2011-04-13 14:51:45", "object_repr": "feature:MyProject", "object_id": "2", "change_message": "", "user": 1, "content_type": 10}}, {"pk": 8, "model": "admin.logentry", "fields": {"action_flag": 1, "action_time": "2011-04-13 14:51:29", "object_repr": "exe", "object_id": "2", "change_message": "", "user": 1, "content_type": 12}}, {"pk": 7, "model": "admin.logentry", "fields": {"action_flag": 2, "action_time": "2011-04-13 14:51:19", "object_repr": "myexe O3 64bits", "object_id": "1", "change_message": "No fields changed.", "user": 1, "content_type": 12}}, {"pk": 6, "model": "admin.logentry", "fields": {"action_flag": 1, "action_time": "2011-04-13 14:50:55", "object_repr": "Other", "object_id": "2", "change_message": "", "user": 1, "content_type": 9}}, {"pk": 5, "model": "admin.logentry", "fields": {"action_flag": 1, "action_time": "2011-04-13 14:43:23", "object_repr": "Apr 13, 16:43 - 1", "object_id": "1", "change_message": "", "user": 1, "content_type": 11}}, {"pk": 4, "model": "admin.logentry", "fields": {"action_flag": 1, "action_time": "2011-04-13 14:42:45", "object_repr": "Branch object", "object_id": "1", "change_message": "", "user": 1, "content_type": 10}}, {"pk": 3, "model": "admin.logentry", "fields": {"action_flag": 1, "action_time": "2011-04-13 14:34:47", "object_repr": "myexe O3 64bits", "object_id": "1", "change_message": "", "user": 1, "content_type": 12}}, {"pk": 2, "model": "admin.logentry", "fields": {"action_flag": 1, "action_time": "2011-04-13 14:34:03", "object_repr": "MyProject", "object_id": "1", "change_message": "", "user": 1, "content_type": 9}}, {"pk": 1, "model": "admin.logentry", "fields": {"action_flag": 1, "action_time": "2011-04-13 14:33:47", "object_repr": "Dual Core", "object_id": "1", "change_message": "", "user": 1, "content_type": 14}}, {"pk": 1, "model": "codespeed.project", "fields": {"repo_type": "N", "name": "MyProject", "track": true, "repo_user": "", "repo_pass": "", "repo_path": ""}}, {"pk": 2, "model": "codespeed.project", "fields": {"repo_type": "N", "name": "Other", "track": true, "repo_user": "", "repo_pass": "", "repo_path": ""}}, {"pk": 3, "model": "codespeed.project", "fields": {"repo_type": "N", "name": "BaseProj", "track": false, "repo_user": "", "repo_pass": "", "repo_path": ""}}, {"pk": 1, "model": "codespeed.branch", "fields": {"project": 1, "name": "default"}}, {"pk": 2, "model": "codespeed.branch", "fields": {"project": 1, "name": "feature"}}, {"pk": 3, "model": "codespeed.branch", "fields": {"project": 2, "name": "default"}}, {"pk": 4, "model": "codespeed.branch", "fields": {"project": 3, "name": "default"}}, {"pk": 1, "model": "codespeed.revision", "fields": {"project": 1, "author": "", "commitid": "1", "tag": "", "branch": 1, "date": "2011-04-12 16:43:20", "message": ""}}, {"pk": 2, "model": "codespeed.revision", "fields": {"project": 1, "author": "", "commitid": "2", "tag": "", "branch": 1, "date": "2011-04-13 17:04:22", "message": ""}}, {"pk": 3, "model": "codespeed.revision", "fields": {"project": 1, "author": "", "commitid": "3", "tag": "", "branch": 2, "date": "2011-04-13 12:03:38", "message": ""}}, {"pk": 4, "model": "codespeed.revision", "fields": {"project": 1, "author": "", "commitid": "4", "tag": "", "branch": 2, "date": "2011-04-14 18:04:51", "message": ""}}, {"pk": 5, "model": "codespeed.revision", "fields": {"project": 1, "author": "", "commitid": "5", "tag": "", "branch": 1, "date": "2011-04-14 19:13:05", "message": ""}}, {"pk": 6, "model": "codespeed.revision", "fields": {"project": 2, "author": "", "commitid": "1", "tag": "", "branch": 3, "date": "2011-04-13 12:05:11", "message": ""}}, {"pk": 7, "model": "codespeed.revision", "fields": {"project": 2, "author": "", "commitid": "2", "tag": "", "branch": 3, "date": "2011-04-14 12:05:22", "message": ""}}, {"pk": 8, "model": "codespeed.revision", "fields": {"project": 3, "author": "", "commitid": "444", "tag": "1.0", "branch": 4, "date": "2011-05-24 09:37:32", "message": ""}}, {"pk": 1, "model": "codespeed.executable", "fields": {"project": 1, "name": "myexe O3 64bits", "description": ""}}, {"pk": 2, "model": "codespeed.executable", "fields": {"project": 2, "name": "exe", "description": ""}}, {"pk": 3, "model": "codespeed.executable", "fields": {"project": 3, "name": "baseExe", "description": ""}}, {"pk": 1, "model": "codespeed.benchmark", "fields": {"name": "float", "benchmark_type": "C", "units_title": "Time", "units": "seconds", "lessisbetter": true, "description": ""}}, {"pk": 2, "model": "codespeed.benchmark", "fields": {"name": "int", "benchmark_type": "C", "units_title": "Time", "units": "seconds", "lessisbetter": true, "description": ""}}, {"pk": 1, "model": "codespeed.environment", "fields": {"kernel": "", "memory": "", "os": "", "name": "Dual Core", "cpu": ""}}, {"pk": 1, "model": "codespeed.result", "fields": {"executable": 1, "benchmark": 1, "value": 4000.0, "environment": 1, "val_min": 3995.0999999999999, "std_dev": 1.11111, "date": "2011-04-13 19:04:00", "val_max": 4001.5999999999999, "revision": 1}}, {"pk": 2, "model": "codespeed.result", "fields": {"executable": 1, "benchmark": 1, "value": 2000.0, "environment": 1, "val_min": 1995.0999999999999, "std_dev": 1.11111, "date": "2011-04-13 17:06:19", "val_max": 2001.5999999999999, "revision": 2}}, {"pk": 3, "model": "codespeed.result", "fields": {"executable": 1, "benchmark": 1, "value": 2100.0, "environment": 1, "val_min": 995.10000000000002, "std_dev": 1.11111, "date": "2011-04-13 17:06:47", "val_max": 1001.6, "revision": 5}}, {"pk": 4, "model": "codespeed.result", "fields": {"executable": 1, "benchmark": 1, "value": 1800.0, "environment": 1, "val_min": 3995.0999999999999, "std_dev": 1.11111, "date": "2011-04-13 19:06:11", "val_max": 4001.5999999999999, "revision": 3}}, {"pk": 5, "model": "codespeed.result", "fields": {"executable": 2, "benchmark": 1, "value": 1000.0, "environment": 1, "val_min": 995.10000000000002, "std_dev": 1.11111, "date": "2011-04-13 19:11:50", "val_max": 1001.6, "revision": 6}}, {"pk": 6, "model": "codespeed.result", "fields": {"executable": 1, "benchmark": 1, "value": 3000.0, "environment": 1, "val_min": 2995.0999999999999, "std_dev": 1.11111, "date": "2011-04-13 19:06:58", "val_max": 3001.5999999999999, "revision": 4}}, {"pk": 7, "model": "codespeed.result", "fields": {"executable": 2, "benchmark": 1, "value": 500.0, "environment": 1, "val_min": 495.10000000000002, "std_dev": 1.11111, "date": "2011-04-13 19:12:23", "val_max": 501.60000000000002, "revision": 7}}, {"pk": 8, "model": "codespeed.result", "fields": {"executable": 3, "benchmark": 1, "value": 1850.0, "environment": 1, "val_min": null, "std_dev": null, "date": "2011-05-24 09:38:18", "val_max": null, "revision": 8}}, {"pk": 1, "model": "codespeed.report", "fields": {"executable": 1, "colorcode": "green", "summary": "float -50.0%", "environment": 1, "_tablecache": "[{\"units_title\": \"Time\", \"rows\": [{\"bench_name\": \"float\", \"val_min\": 1995.0999999999999, \"std_dev\": 1.11111, \"result\": 2000.0, \"trend\": \"-\", \"bench_description\": \"\", \"val_max\": 2001.5999999999999, \"change\": -50.0}], \"hasmax\": true, \"precission\": 2, \"units\": \"seconds\", \"has_stddev\": true, \"hasmin\": true, \"lessisbetter\": true, \"totals\": {\"trend\": \"-\", \"change\": -50.0}}]", "revision": 2}}, {"pk": 2, "model": "codespeed.report", "fields": {"executable": 1, "colorcode": "green", "summary": "float -50.0%", "environment": 1, "_tablecache": "[{\"units_title\": \"Time\", \"rows\": [{\"bench_name\": \"float\", \"val_min\": 995.10000000000002, \"std_dev\": 1.11111, \"result\": 1000.0, \"trend\": \"-\", \"bench_description\": \"\", \"val_max\": 1001.6, \"change\": -50.0}], \"hasmax\": true, \"precission\": 2, \"units\": \"seconds\", \"has_stddev\": true, \"hasmin\": true, \"lessisbetter\": true, \"totals\": {\"trend\": \"-\", \"change\": -50.0}}]", "revision": 5}}, {"pk": 3, "model": "codespeed.report", "fields": {"executable": 1, "colorcode": "green", "summary": "float -50.0%", "environment": 1, "_tablecache": "[{\"units_title\": \"Time\", \"rows\": [{\"bench_name\": \"float\", \"val_min\": 1995.0999999999999, \"std_dev\": 1.11111, \"result\": 2000.0, \"trend\": \"-\", \"bench_description\": \"\", \"val_max\": 2001.5999999999999, \"change\": -50.0}], \"hasmax\": true, \"precission\": 2, \"units\": \"seconds\", \"has_stddev\": true, \"hasmin\": true, \"lessisbetter\": true, \"totals\": {\"trend\": \"-\", \"change\": -50.0}}]", "revision": 3}}, {"pk": 4, "model": "codespeed.report", "fields": {"executable": 2, "colorcode": "none", "summary": "", "environment": 1, "_tablecache": "[{\"units_title\": \"Time\", \"rows\": [{\"bench_name\": \"float\", \"val_min\": 995.10000000000002, \"std_dev\": 1.11111, \"result\": 1000.0, \"trend\": \"-\", \"bench_description\": \"\", \"val_max\": 1001.6, \"change\": \"-\"}], \"hasmax\": true, \"precission\": 2, \"units\": \"seconds\", \"has_stddev\": true, \"hasmin\": true, \"lessisbetter\": true, \"totals\": {\"trend\": \"-\", \"change\": \"-\"}}]", "revision": 6}}, {"pk": 5, "model": "codespeed.report", "fields": {"executable": 1, "colorcode": "none", "summary": "", "environment": 1, "_tablecache": "[{\"units_title\": \"Time\", \"rows\": [{\"bench_name\": \"float\", \"val_min\": 3995.0999999999999, \"std_dev\": 1.11111, \"result\": 4000.0, \"trend\": \"-\", \"bench_description\": \"\", \"val_max\": 4001.5999999999999, \"change\": \"-\"}], \"hasmax\": true, \"precission\": 2, \"units\": \"seconds\", \"has_stddev\": true, \"hasmin\": true, \"lessisbetter\": true, \"totals\": {\"trend\": \"-\", \"change\": \"-\"}}]", "revision": 1}}, {"pk": 6, "model": "codespeed.report", "fields": {"executable": 1, "colorcode": "green", "summary": "float -50.0%", "environment": 1, "_tablecache": "[{\"units_title\": \"Time\", \"rows\": [{\"bench_name\": \"float\", \"val_min\": 1995.0999999999999, \"std_dev\": 1.11111, \"result\": 2000.0, \"trend\": \"-\", \"bench_description\": \"\", \"val_max\": 2001.5999999999999, \"change\": -50.0}], \"hasmax\": true, \"precission\": 2, \"units\": \"seconds\", \"has_stddev\": true, \"hasmin\": true, \"lessisbetter\": true, \"totals\": {\"trend\": \"-\", \"change\": -50.0}}]", "revision": 4}}, {"pk": 7, "model": "codespeed.report", "fields": {"executable": 2, "colorcode": "green", "summary": "float -50.0%", "environment": 1, "_tablecache": "[{\"units_title\": \"Time\", \"rows\": [{\"bench_name\": \"float\", \"val_min\": 495.10000000000002, \"std_dev\": 1.11111, \"result\": 500.0, \"trend\": \"-\", \"bench_description\": \"\", \"val_max\": 501.60000000000002, \"change\": -50.0}], \"hasmax\": true, \"precission\": 2, \"units\": \"seconds\", \"has_stddev\": true, \"hasmin\": true, \"lessisbetter\": true, \"totals\": {\"trend\": \"-\", \"change\": -50.0}}]", "revision": 7}}, {"pk": 1, "model": "south.migrationhistory", "fields": {"applied": "2011-04-13 19:32:35", "app_name": "codespeed", "migration": "0001_initial"}}, {"pk": 2, "model": "south.migrationhistory", "fields": {"applied": "2011-04-13 19:32:35", "app_name": "codespeed", "migration": "0002_auto__chg_field_report_summary"}}, {"pk": 3, "model": "south.migrationhistory", "fields": {"applied": "2011-04-13 19:32:35", "app_name": "codespeed", "migration": "0003_auto__add_field_revision_branch"}}, {"pk": 4, "model": "south.migrationhistory", "fields": {"applied": "2011-04-13 19:32:35", "app_name": "codespeed", "migration": "0004_auto__add_branch"}}, {"pk": 5, "model": "south.migrationhistory", "fields": {"applied": "2011-04-13 19:32:35", "app_name": "codespeed", "migration": "0005_auto__del_unique_revision_commitid_project__add_unique_revision_commit"}}, {"pk": 6, "model": "south.migrationhistory", "fields": {"applied": "2011-04-13 19:32:35", "app_name": "codespeed", "migration": "0006_auto__chg_field_revision_branch"}}, {"pk": 7, "model": "south.migrationhistory", "fields": {"applied": "2011-04-13 20:33:17", "app_name": "codespeed", "migration": "0007_auto__del_field_revision_project__del_unique_revision_commitid_project"}}, {"pk": 19, "model": "auth.permission", "fields": {"codename": "add_logentry", "name": "Can add log entry", "content_type": 7}}, {"pk": 20, "model": "auth.permission", "fields": {"codename": "change_logentry", "name": "Can change log entry", "content_type": 7}}, {"pk": 21, "model": "auth.permission", "fields": {"codename": "delete_logentry", "name": "Can delete log entry", "content_type": 7}}, {"pk": 4, "model": "auth.permission", "fields": {"codename": "add_group", "name": "Can add group", "content_type": 2}}, {"pk": 5, "model": "auth.permission", "fields": {"codename": "change_group", "name": "Can change group", "content_type": 2}}, {"pk": 6, "model": "auth.permission", "fields": {"codename": "delete_group", "name": "Can delete group", "content_type": 2}}, {"pk": 10, "model": "auth.permission", "fields": {"codename": "add_message", "name": "Can add message", "content_type": 4}}, {"pk": 11, "model": "auth.permission", "fields": {"codename": "change_message", "name": "Can change message", "content_type": 4}}, {"pk": 12, "model": "auth.permission", "fields": {"codename": "delete_message", "name": "Can delete message", "content_type": 4}}, {"pk": 1, "model": "auth.permission", "fields": {"codename": "add_permission", "name": "Can add permission", "content_type": 1}}, {"pk": 2, "model": "auth.permission", "fields": {"codename": "change_permission", "name": "Can change permission", "content_type": 1}}, {"pk": 3, "model": "auth.permission", "fields": {"codename": "delete_permission", "name": "Can delete permission", "content_type": 1}}, {"pk": 7, "model": "auth.permission", "fields": {"codename": "add_user", "name": "Can add user", "content_type": 3}}, {"pk": 8, "model": "auth.permission", "fields": {"codename": "change_user", "name": "Can change user", "content_type": 3}}, {"pk": 9, "model": "auth.permission", "fields": {"codename": "delete_user", "name": "Can delete user", "content_type": 3}}, {"pk": 37, "model": "auth.permission", "fields": {"codename": "add_benchmark", "name": "Can add benchmark", "content_type": 13}}, {"pk": 38, "model": "auth.permission", "fields": {"codename": "change_benchmark", "name": "Can change benchmark", "content_type": 13}}, {"pk": 39, "model": "auth.permission", "fields": {"codename": "delete_benchmark", "name": "Can delete benchmark", "content_type": 13}}, {"pk": 28, "model": "auth.permission", "fields": {"codename": "add_branch", "name": "Can add branch", "content_type": 10}}, {"pk": 29, "model": "auth.permission", "fields": {"codename": "change_branch", "name": "Can change branch", "content_type": 10}}, {"pk": 30, "model": "auth.permission", "fields": {"codename": "delete_branch", "name": "Can delete branch", "content_type": 10}}, {"pk": 40, "model": "auth.permission", "fields": {"codename": "add_environment", "name": "Can add environment", "content_type": 14}}, {"pk": 41, "model": "auth.permission", "fields": {"codename": "change_environment", "name": "Can change environment", "content_type": 14}}, {"pk": 42, "model": "auth.permission", "fields": {"codename": "delete_environment", "name": "Can delete environment", "content_type": 14}}, {"pk": 34, "model": "auth.permission", "fields": {"codename": "add_executable", "name": "Can add executable", "content_type": 12}}, {"pk": 35, "model": "auth.permission", "fields": {"codename": "change_executable", "name": "Can change executable", "content_type": 12}}, {"pk": 36, "model": "auth.permission", "fields": {"codename": "delete_executable", "name": "Can delete executable", "content_type": 12}}, {"pk": 25, "model": "auth.permission", "fields": {"codename": "add_project", "name": "Can add project", "content_type": 9}}, {"pk": 26, "model": "auth.permission", "fields": {"codename": "change_project", "name": "Can change project", "content_type": 9}}, {"pk": 27, "model": "auth.permission", "fields": {"codename": "delete_project", "name": "Can delete project", "content_type": 9}}, {"pk": 46, "model": "auth.permission", "fields": {"codename": "add_report", "name": "Can add report", "content_type": 16}}, {"pk": 47, "model": "auth.permission", "fields": {"codename": "change_report", "name": "Can change report", "content_type": 16}}, {"pk": 48, "model": "auth.permission", "fields": {"codename": "delete_report", "name": "Can delete report", "content_type": 16}}, {"pk": 43, "model": "auth.permission", "fields": {"codename": "add_result", "name": "Can add result", "content_type": 15}}, {"pk": 44, "model": "auth.permission", "fields": {"codename": "change_result", "name": "Can change result", "content_type": 15}}, {"pk": 45, "model": "auth.permission", "fields": {"codename": "delete_result", "name": "Can delete result", "content_type": 15}}, {"pk": 31, "model": "auth.permission", "fields": {"codename": "add_revision", "name": "Can add revision", "content_type": 11}}, {"pk": 32, "model": "auth.permission", "fields": {"codename": "change_revision", "name": "Can change revision", "content_type": 11}}, {"pk": 33, "model": "auth.permission", "fields": {"codename": "delete_revision", "name": "Can delete revision", "content_type": 11}}, {"pk": 13, "model": "auth.permission", "fields": {"codename": "add_contenttype", "name": "Can add content type", "content_type": 5}}, {"pk": 14, "model": "auth.permission", "fields": {"codename": "change_contenttype", "name": "Can change content type", "content_type": 5}}, {"pk": 15, "model": "auth.permission", "fields": {"codename": "delete_contenttype", "name": "Can delete content type", "content_type": 5}}, {"pk": 16, "model": "auth.permission", "fields": {"codename": "add_session", "name": "Can add session", "content_type": 6}}, {"pk": 17, "model": "auth.permission", "fields": {"codename": "change_session", "name": "Can change session", "content_type": 6}}, {"pk": 18, "model": "auth.permission", "fields": {"codename": "delete_session", "name": "Can delete session", "content_type": 6}}, {"pk": 22, "model": "auth.permission", "fields": {"codename": "add_migrationhistory", "name": "Can add migration history", "content_type": 8}}, {"pk": 23, "model": "auth.permission", "fields": {"codename": "change_migrationhistory", "name": "Can change migration history", "content_type": 8}}, {"pk": 24, "model": "auth.permission", "fields": {"codename": "delete_migrationhistory", "name": "Can delete migration history", "content_type": 8}}, {"pk": 1, "model": "auth.user", "fields": {"username": "admin", "first_name": "", "last_name": "", "is_active": true, "is_superuser": true, "is_staff": true, "last_login": "2011-05-29 06:23:15", "groups": [], "user_permissions": [], "password": "sha1$bbe9b$bf50bd76d78264bdac894e69aacca5e28cd25e69", "email": "admin@admin.com", "date_joined": "2011-04-13 14:32:27"}}]