[{"pk": 19, "model": "auth.permission", "fields": {"codename": "add_logentry", "name": "Can add log entry", "content_type": 7}}, {"pk": 20, "model": "auth.permission", "fields": {"codename": "change_logentry", "name": "Can change log entry", "content_type": 7}}, {"pk": 21, "model": "auth.permission", "fields": {"codename": "delete_logentry", "name": "Can delete log entry", "content_type": 7}}, {"pk": 4, "model": "auth.permission", "fields": {"codename": "add_group", "name": "Can add group", "content_type": 2}}, {"pk": 10, "model": "auth.permission", "fields": {"codename": "add_message", "name": "Can add message", "content_type": 4}}, {"pk": 1, "model": "auth.permission", "fields": {"codename": "add_permission", "name": "Can add permission", "content_type": 1}}, {"pk": 7, "model": "auth.permission", "fields": {"codename": "add_user", "name": "Can add user", "content_type": 3}}, {"pk": 5, "model": "auth.permission", "fields": {"codename": "change_group", "name": "Can change group", "content_type": 2}}, {"pk": 11, "model": "auth.permission", "fields": {"codename": "change_message", "name": "Can change message", "content_type": 4}}, {"pk": 2, "model": "auth.permission", "fields": {"codename": "change_permission", "name": "Can change permission", "content_type": 1}}, {"pk": 8, "model": "auth.permission", "fields": {"codename": "change_user", "name": "Can change user", "content_type": 3}}, {"pk": 6, "model": "auth.permission", "fields": {"codename": "delete_group", "name": "Can delete group", "content_type": 2}}, {"pk": 12, "model": "auth.permission", "fields": {"codename": "delete_message", "name": "Can delete message", "content_type": 4}}, {"pk": 3, "model": "auth.permission", "fields": {"codename": "delete_permission", "name": "Can delete permission", "content_type": 1}}, {"pk": 9, "model": "auth.permission", "fields": {"codename": "delete_user", "name": "Can delete user", "content_type": 3}}, {"pk": 31, "model": "auth.permission", "fields": {"codename": "add_benchmark", "name": "Can add benchmark", "content_type": 11}}, {"pk": 34, "model": "auth.permission", "fields": {"codename": "add_environment", "name": "Can add environment", "content_type": 12}}, {"pk": 28, "model": "auth.permission", "fields": {"codename": "add_executable", "name": "Can add executable", "content_type": 10}}, {"pk": 22, "model": "auth.permission", "fields": {"codename": "add_project", "name": "Can add project", "content_type": 8}}, {"pk": 37, "model": "auth.permission", "fields": {"codename": "add_result", "name": "Can add result", "content_type": 13}}, {"pk": 25, "model": "auth.permission", "fields": {"codename": "add_revision", "name": "Can add revision", "content_type": 9}}, {"pk": 32, "model": "auth.permission", "fields": {"codename": "change_benchmark", "name": "Can change benchmark", "content_type": 11}}, {"pk": 35, "model": "auth.permission", "fields": {"codename": "change_environment", "name": "Can change environment", "content_type": 12}}, {"pk": 29, "model": "auth.permission", "fields": {"codename": "change_executable", "name": "Can change executable", "content_type": 10}}, {"pk": 23, "model": "auth.permission", "fields": {"codename": "change_project", "name": "Can change project", "content_type": 8}}, {"pk": 38, "model": "auth.permission", "fields": {"codename": "change_result", "name": "Can change result", "content_type": 13}}, {"pk": 26, "model": "auth.permission", "fields": {"codename": "change_revision", "name": "Can change revision", "content_type": 9}}, {"pk": 33, "model": "auth.permission", "fields": {"codename": "delete_benchmark", "name": "Can delete benchmark", "content_type": 11}}, {"pk": 36, "model": "auth.permission", "fields": {"codename": "delete_environment", "name": "Can delete environment", "content_type": 12}}, {"pk": 30, "model": "auth.permission", "fields": {"codename": "delete_executable", "name": "Can delete executable", "content_type": 10}}, {"pk": 24, "model": "auth.permission", "fields": {"codename": "delete_project", "name": "Can delete project", "content_type": 8}}, {"pk": 39, "model": "auth.permission", "fields": {"codename": "delete_result", "name": "Can delete result", "content_type": 13}}, {"pk": 27, "model": "auth.permission", "fields": {"codename": "delete_revision", "name": "Can delete revision", "content_type": 9}}, {"pk": 13, "model": "auth.permission", "fields": {"codename": "add_contenttype", "name": "Can add content type", "content_type": 5}}, {"pk": 14, "model": "auth.permission", "fields": {"codename": "change_contenttype", "name": "Can change content type", "content_type": 5}}, {"pk": 15, "model": "auth.permission", "fields": {"codename": "delete_contenttype", "name": "Can delete content type", "content_type": 5}}, {"pk": 16, "model": "auth.permission", "fields": {"codename": "add_session", "name": "Can add session", "content_type": 6}}, {"pk": 17, "model": "auth.permission", "fields": {"codename": "change_session", "name": "Can change session", "content_type": 6}}, {"pk": 18, "model": "auth.permission", "fields": {"codename": "delete_session", "name": "Can delete session", "content_type": 6}}, {"pk": 1, "model": "auth.user", "fields": {"username": "qbproger", "first_name": "", "last_name": "", "is_active": true, "is_superuser": true, "is_staff": true, "last_login": "2010-06-21 17:46:28", "groups": [], "user_permissions": [], "password": "sha1$32cb9$dff8fb2ca3e577321ce7c4a22a13a3aa67cb8cfe", "email": "qbproger@gmail.com", "date_joined": "2010-06-21 17:31:57"}}, {"pk": 11, "model": "contenttypes.contenttype", "fields": {"model": "benchmark", "name": "benchmark", "app_label": "codespeed"}}, {"pk": 5, "model": "contenttypes.contenttype", "fields": {"model": "contenttype", "name": "content type", "app_label": "contenttypes"}}, {"pk": 12, "model": "contenttypes.contenttype", "fields": {"model": "environment", "name": "environment", "app_label": "codespeed"}}, {"pk": 10, "model": "contenttypes.contenttype", "fields": {"model": "executable", "name": "executable", "app_label": "codespeed"}}, {"pk": 2, "model": "contenttypes.contenttype", "fields": {"model": "group", "name": "group", "app_label": "auth"}}, {"pk": 7, "model": "contenttypes.contenttype", "fields": {"model": "logentry", "name": "log entry", "app_label": "admin"}}, {"pk": 4, "model": "contenttypes.contenttype", "fields": {"model": "message", "name": "message", "app_label": "auth"}}, {"pk": 1, "model": "contenttypes.contenttype", "fields": {"model": "permission", "name": "permission", "app_label": "auth"}}, {"pk": 8, "model": "contenttypes.contenttype", "fields": {"model": "project", "name": "project", "app_label": "codespeed"}}, {"pk": 13, "model": "contenttypes.contenttype", "fields": {"model": "result", "name": "result", "app_label": "codespeed"}}, {"pk": 9, "model": "contenttypes.contenttype", "fields": {"model": "revision", "name": "revision", "app_label": "codespeed"}}, {"pk": 6, "model": "contenttypes.contenttype", "fields": {"model": "session", "name": "session", "app_label": "sessions"}}, {"pk": 3, "model": "contenttypes.contenttype", "fields": {"model": "user", "name": "user", "app_label": "auth"}}, {"pk": "edca4b70663aea789931dcf36b6c9fad", "model": "sessions.session", "fields": {"expire_date": "2010-07-05 17:46:28", "session_data": "gAJ9cQEoVRJfYXV0aF91c2VyX2JhY2tlbmRxAlUpZGphbmdvLmNvbnRyaWIuYXV0aC5iYWNrZW5k\ncy5Nb2RlbEJhY2tlbmRxA1UNX2F1dGhfdXNlcl9pZHEESwF1LjIzZDAzYjU0MjVkNWI4MDJlMDRh\nMWQ2ZWVjYTZlYWMx\n"}}, {"pk": 3, "model": "admin.logentry", "fields": {"action_flag": 2, "action_time": "2010-06-25 21:42:34", "object_repr": "jruby", "object_id": "1", "change_message": "Changed track.", "user": 1, "content_type": 8}}, {"pk": 2, "model": "admin.logentry", "fields": {"action_flag": 1, "action_time": "2010-06-21 18:05:49", "object_repr": "jruby", "object_id": "1", "change_message": "", "user": 1, "content_type": 8}}, {"pk": 1, "model": "admin.logentry", "fields": {"action_flag": 1, "action_time": "2010-06-21 17:48:07", "object_repr": "speedy", "object_id": "1", "change_message": "", "user": 1, "content_type": 12}}, {"pk": 1, "model": "codespeed.project", "fields": {"repo_type": "G", "name": "jruby", "track": true, "repo_user": "", "repo_pass": "", "repo_path": ""}}, {"pk": 1, "model": "codespeed.revision", "fields": {"project": 1, "author": "", "commitid": "32aa2317717ae22f19bc009c154b58771f821358", "tag": "", "date": "2010-06-24 21:09:52", "message": ""}}, {"pk": 2, "model": "codespeed.revision", "fields": {"project": 1, "author": "", "commitid": "42b0fa9bc088cab4607c4926ae1a1edfc91ca632", "tag": "", "date": "2010-06-25 23:05:03", "message": ""}}, {"pk": 3, "model": "codespeed.revision", "fields": {"project": 1, "author": "", "commitid": "8869019d516840d72a45dc697f8b1259d1867c23", "tag": "", "date": "2010-06-26 22:05:16", "message": ""}}, {"pk": 4, "model": "codespeed.revision", "fields": {"project": 1, "author": "", "commitid": "d8b82d0cbaaaa9a5f7afb6bdbf5b2245ed5a06de", "tag": "", "date": "2010-06-27 01:05:02", "message": ""}}, {"pk": 1, "model": "codespeed.executable", "fields": {"project": 1, "name": "jruby", "description": ""}}, {"pk": 1, "model": "codespeed.benchmark", "fields": {"name": "bm_cal.rb", "benchmark_type": "C", "units_title": "Time", "units": "seconds", "lessisbetter": true, "description": ""}}, {"pk": 2, "model": "codespeed.benchmark", "fields": {"name": "bm_dirp.rb", "benchmark_type": "C", "units_title": "Time", "units": "seconds", "lessisbetter": true, "description": ""}}, {"pk": 3, "model": "codespeed.benchmark", "fields": {"name": "bm_gzip.rb", "benchmark_type": "C", "units_title": "Time", "units": "seconds", "lessisbetter": true, "description": ""}}, {"pk": 4, "model": "codespeed.benchmark", "fields": {"name": "bm_hilbert_matrix.rb", "benchmark_type": "C", "units_title": "Time", "units": "seconds", "lessisbetter": true, "description": ""}}, {"pk": 5, "model": "codespeed.benchmark", "fields": {"name": "bm_list.rb", "benchmark_type": "C", "units_title": "Time", "units": "seconds", "lessisbetter": true, "description": ""}}, {"pk": 6, "model": "codespeed.benchmark", "fields": {"name": "bm_mpart.rb", "benchmark_type": "C", "units_title": "Time", "units": "seconds", "lessisbetter": true, "description": ""}}, {"pk": 7, "model": "codespeed.benchmark", "fields": {"name": "bm_norvig_spelling.rb", "benchmark_type": "C", "units_title": "Time", "units": "seconds", "lessisbetter": true, "description": ""}}, {"pk": 8, "model": "codespeed.benchmark", "fields": {"name": "bm_observ.rb", "benchmark_type": "C", "units_title": "Time", "units": "seconds", "lessisbetter": true, "description": ""}}, {"pk": 9, "model": "codespeed.benchmark", "fields": {"name": "bm_parse_log.rb", "benchmark_type": "C", "units_title": "Time", "units": "seconds", "lessisbetter": true, "description": ""}}, {"pk": 10, "model": "codespeed.benchmark", "fields": {"name": "bm_pi.rb", "benchmark_type": "C", "units_title": "Time", "units": "seconds", "lessisbetter": true, "description": ""}}, {"pk": 11, "model": "codespeed.benchmark", "fields": {"name": "bm_rcs.rb", "benchmark_type": "C", "units_title": "Time", "units": "seconds", "lessisbetter": true, "description": ""}}, {"pk": 12, "model": "codespeed.benchmark", "fields": {"name": "bm_sudoku.rb", "benchmark_type": "C", "units_title": "Time", "units": "seconds", "lessisbetter": true, "description": ""}}, {"pk": 1, "model": "codespeed.environment", "fields": {"kernel": "2.6.x", "memory": "1GB", "os": "Linux", "name": "speedy", "cpu": "VM"}}, {"pk": 1, "model": "codespeed.result", "fields": {"executable": 1, "benchmark": 1, "value": 1.1559999999999999, "environment": 1, "val_min": null, "std_dev": 0.24749276083689101, "date": "2010-06-24 09:30:00", "val_max": null, "revision": 1}}, {"pk": 2, "model": "codespeed.result", "fields": {"executable": 1, "benchmark": 2, "value": 1.171, "environment": 1, "val_min": null, "std_dev": 0.240450965202194, "date": "2010-06-24 09:30:00", "val_max": null, "revision": 1}}, {"pk": 3, "model": "codespeed.result", "fields": {"executable": 1, "benchmark": 3, "value": 12.1253333333333, "environment": 1, "val_min": null, "std_dev": 0.064116213931336402, "date": "2010-06-24 09:30:00", "val_max": null, "revision": 1}}, {"pk": 4, "model": "codespeed.result", "fields": {"executable": 1, "benchmark": 4, "value": 10.720333333333301, "environment": 1, "val_min": null, "std_dev": 0.058976454812257197, "date": "2010-06-24 09:30:00", "val_max": null, "revision": 1}}, {"pk": 5, "model": "codespeed.result", "fields": {"executable": 1, "benchmark": 5, "value": 7.9426666666666703, "environment": 1, "val_min": null, "std_dev": 0.14342555172942101, "date": "2010-06-24 09:30:00", "val_max": null, "revision": 1}}, {"pk": 6, "model": "codespeed.result", "fields": {"executable": 1, "benchmark": 6, "value": 0.24099999999999999, "environment": 1, "val_min": null, "std_dev": 0.13967342863503701, "date": "2010-06-24 09:30:00", "val_max": null, "revision": 1}}, {"pk": 7, "model": "codespeed.result", "fields": {"executable": 1, "benchmark": 7, "value": 11.5603333333333, "environment": 1, "val_min": null, "std_dev": 0.35597971228084802, "date": "2010-06-24 09:30:00", "val_max": null, "revision": 1}}, {"pk": 8, "model": "codespeed.result", "fields": {"executable": 1, "benchmark": 8, "value": 0.68733333333333302, "environment": 1, "val_min": null, "std_dev": 0.075442398924978199, "date": "2010-06-24 09:30:00", "val_max": null, "revision": 1}}, {"pk": 9, "model": "codespeed.result", "fields": {"executable": 1, "benchmark": 9, "value": 0.67800000000000005, "environment": 1, "val_min": null, "std_dev": 0.084368240469977804, "date": "2010-06-24 09:30:00", "val_max": null, "revision": 1}}, {"pk": 10, "model": "codespeed.result", "fields": {"executable": 1, "benchmark": 10, "value": 6.2229999999999999, "environment": 1, "val_min": null, "std_dev": 0.032782108941718201, "date": "2010-06-24 09:30:00", "val_max": null, "revision": 1}}, {"pk": 11, "model": "codespeed.result", "fields": {"executable": 1, "benchmark": 11, "value": 0.48666666666666702, "environment": 1, "val_min": null, "std_dev": 0.147328054204064, "date": "2010-06-24 09:30:00", "val_max": null, "revision": 1}}, {"pk": 12, "model": "codespeed.result", "fields": {"executable": 1, "benchmark": 12, "value": 4.8963333333333301, "environment": 1, "val_min": null, "std_dev": 0.060123946052208499, "date": "2010-06-24 09:30:00", "val_max": null, "revision": 1}}, {"pk": 13, "model": "codespeed.result", "fields": {"executable": 1, "benchmark": 1, "value": 1.1536666666666699, "environment": 1, "val_min": null, "std_dev": 0.24080466957450999, "date": "2010-06-25 23:48:00", "val_max": null, "revision": 2}}, {"pk": 14, "model": "codespeed.result", "fields": {"executable": 1, "benchmark": 2, "value": 1.1203333333333301, "environment": 1, "val_min": null, "std_dev": 0.148257283875775, "date": "2010-06-25 23:48:00", "val_max": null, "revision": 2}}, {"pk": 15, "model": "codespeed.result", "fields": {"executable": 1, "benchmark": 3, "value": 12.023666666666699, "environment": 1, "val_min": null, "std_dev": 0.063252580096695293, "date": "2010-06-25 23:48:00", "val_max": null, "revision": 2}}, {"pk": 16, "model": "codespeed.result", "fields": {"executable": 1, "benchmark": 4, "value": 10.8006666666667, "environment": 1, "val_min": null, "std_dev": 0.019014614262602699, "date": "2010-06-25 23:48:00", "val_max": null, "revision": 2}}, {"pk": 17, "model": "codespeed.result", "fields": {"executable": 1, "benchmark": 5, "value": 7.8093333333333304, "environment": 1, "val_min": null, "std_dev": 0.240887710124217, "date": "2010-06-25 23:48:00", "val_max": null, "revision": 2}}, {"pk": 18, "model": "codespeed.result", "fields": {"executable": 1, "benchmark": 6, "value": 0.23499999999999999, "environment": 1, "val_min": null, "std_dev": 0.13810382567715701, "date": "2010-06-25 23:48:00", "val_max": null, "revision": 2}}, {"pk": 19, "model": "codespeed.result", "fields": {"executable": 1, "benchmark": 7, "value": 11.475, "environment": 1, "val_min": null, "std_dev": 0.40180841205728801, "date": "2010-06-25 23:48:00", "val_max": null, "revision": 2}}, {"pk": 20, "model": "codespeed.result", "fields": {"executable": 1, "benchmark": 8, "value": 0.69433333333333302, "environment": 1, "val_min": null, "std_dev": 0.081814152538271498, "date": "2010-06-25 23:48:00", "val_max": null, "revision": 2}}, {"pk": 21, "model": "codespeed.result", "fields": {"executable": 1, "benchmark": 9, "value": 0.669333333333333, "environment": 1, "val_min": null, "std_dev": 0.094450457324932499, "date": "2010-06-25 23:48:00", "val_max": null, "revision": 2}}, {"pk": 22, "model": "codespeed.result", "fields": {"executable": 1, "benchmark": 10, "value": 6.2249999999999996, "environment": 1, "val_min": null, "std_dev": 0.0120277457017791, "date": "2010-06-25 23:48:00", "val_max": null, "revision": 2}}, {"pk": 23, "model": "codespeed.result", "fields": {"executable": 1, "benchmark": 11, "value": 0.50133333333333296, "environment": 1, "val_min": null, "std_dev": 0.16311413863372501, "date": "2010-06-25 23:48:00", "val_max": null, "revision": 2}}, {"pk": 24, "model": "codespeed.result", "fields": {"executable": 1, "benchmark": 12, "value": 4.9379999999999997, "environment": 1, "val_min": null, "std_dev": 0.068512772531842805, "date": "2010-06-25 23:48:00", "val_max": null, "revision": 2}}, {"pk": 25, "model": "codespeed.result", "fields": {"executable": 1, "benchmark": 1, "value": 1.16166666666667, "environment": 1, "val_min": null, "std_dev": 0.233661198224171, "date": "2010-06-26 22:31:00", "val_max": null, "revision": 3}}, {"pk": 26, "model": "codespeed.result", "fields": {"executable": 1, "benchmark": 2, "value": 1.1766666666666701, "environment": 1, "val_min": null, "std_dev": 0.24562346974360799, "date": "2010-06-26 22:31:00", "val_max": null, "revision": 3}}, {"pk": 27, "model": "codespeed.result", "fields": {"executable": 1, "benchmark": 3, "value": 12.1056666666667, "environment": 1, "val_min": null, "std_dev": 0.091083600182591803, "date": "2010-06-26 22:31:00", "val_max": null, "revision": 3}}, {"pk": 28, "model": "codespeed.result", "fields": {"executable": 1, "benchmark": 4, "value": 10.701333333333301, "environment": 1, "val_min": null, "std_dev": 0.061266267680964, "date": "2010-06-26 22:31:00", "val_max": null, "revision": 3}}, {"pk": 29, "model": "codespeed.result", "fields": {"executable": 1, "benchmark": 5, "value": 7.9383333333333299, "environment": 1, "val_min": null, "std_dev": 0.15269650363456999, "date": "2010-06-26 22:31:00", "val_max": null, "revision": 3}}, {"pk": 30, "model": "codespeed.result", "fields": {"executable": 1, "benchmark": 6, "value": 0.24299999999999999, "environment": 1, "val_min": null, "std_dev": 0.14262070910869401, "date": "2010-06-26 22:31:00", "val_max": null, "revision": 3}}, {"pk": 31, "model": "codespeed.result", "fields": {"executable": 1, "benchmark": 7, "value": 11.600666666666701, "environment": 1, "val_min": null, "std_dev": 0.45314407814243302, "date": "2010-06-26 22:31:00", "val_max": null, "revision": 3}}, {"pk": 32, "model": "codespeed.result", "fields": {"executable": 1, "benchmark": 8, "value": 0.69733333333333303, "environment": 1, "val_min": null, "std_dev": 0.084625974473299601, "date": "2010-06-26 22:31:00", "val_max": null, "revision": 3}}, {"pk": 33, "model": "codespeed.result", "fields": {"executable": 1, "benchmark": 9, "value": 0.669333333333333, "environment": 1, "val_min": null, "std_dev": 0.091043335224984395, "date": "2010-06-26 22:31:00", "val_max": null, "revision": 3}}, {"pk": 34, "model": "codespeed.result", "fields": {"executable": 1, "benchmark": 10, "value": 6.2196666666666696, "environment": 1, "val_min": null, "std_dev": 0.0244994331000171, "date": "2010-06-26 22:31:00", "val_max": null, "revision": 3}}, {"pk": 35, "model": "codespeed.result", "fields": {"executable": 1, "benchmark": 11, "value": 0.48399999999999999, "environment": 1, "val_min": null, "std_dev": 0.14926709840640301, "date": "2010-06-26 22:31:00", "val_max": null, "revision": 3}}, {"pk": 36, "model": "codespeed.result", "fields": {"executable": 1, "benchmark": 12, "value": 4.93333333333333, "environment": 1, "val_min": null, "std_dev": 0.062055530687351999, "date": "2010-06-26 22:31:00", "val_max": null, "revision": 3}}, {"pk": 37, "model": "codespeed.result", "fields": {"executable": 1, "benchmark": 1, "value": 1.1703333333333299, "environment": 1, "val_min": null, "std_dev": 0.230472461599115, "date": "2010-06-27 01:32:00", "val_max": null, "revision": 4}}, {"pk": 38, "model": "codespeed.result", "fields": {"executable": 1, "benchmark": 2, "value": 1.15333333333333, "environment": 1, "val_min": null, "std_dev": 0.18785514513995999, "date": "2010-06-27 01:32:00", "val_max": null, "revision": 4}}, {"pk": 39, "model": "codespeed.result", "fields": {"executable": 1, "benchmark": 3, "value": 12.2376666666667, "environment": 1, "val_min": null, "std_dev": 0.0465999523128037, "date": "2010-06-27 01:32:00", "val_max": null, "revision": 4}}, {"pk": 40, "model": "codespeed.result", "fields": {"executable": 1, "benchmark": 4, "value": 10.6283333333333, "environment": 1, "val_min": null, "std_dev": 0.016213848676020302, "date": "2010-06-27 01:32:00", "val_max": null, "revision": 4}}, {"pk": 41, "model": "codespeed.result", "fields": {"executable": 1, "benchmark": 5, "value": 8.0916666666666703, "environment": 1, "val_min": null, "std_dev": 0.151222426320378, "date": "2010-06-27 01:32:00", "val_max": null, "revision": 4}}, {"pk": 42, "model": "codespeed.result", "fields": {"executable": 1, "benchmark": 6, "value": 0.24233333333333301, "environment": 1, "val_min": null, "std_dev": 0.140205404872835, "date": "2010-06-27 01:32:00", "val_max": null, "revision": 4}}, {"pk": 43, "model": "codespeed.result", "fields": {"executable": 1, "benchmark": 7, "value": 11.5123333333333, "environment": 1, "val_min": null, "std_dev": 0.43204346489161899, "date": "2010-06-27 01:32:00", "val_max": null, "revision": 4}}, {"pk": 44, "model": "codespeed.result", "fields": {"executable": 1, "benchmark": 8, "value": 0.68766666666666598, "environment": 1, "val_min": null, "std_dev": 0.0802052921501374, "date": "2010-06-27 01:32:00", "val_max": null, "revision": 4}}, {"pk": 45, "model": "codespeed.result", "fields": {"executable": 1, "benchmark": 9, "value": 0.670333333333333, "environment": 1, "val_min": null, "std_dev": 0.097147082074324598, "date": "2010-06-27 01:32:00", "val_max": null, "revision": 4}}, {"pk": 46, "model": "codespeed.result", "fields": {"executable": 1, "benchmark": 10, "value": 6.2063333333333297, "environment": 1, "val_min": null, "std_dev": 0.034305814214049497, "date": "2010-06-27 01:32:00", "val_max": null, "revision": 4}}, {"pk": 47, "model": "codespeed.result", "fields": {"executable": 1, "benchmark": 11, "value": 0.47999999999999998, "environment": 1, "val_min": null, "std_dev": 0.15205481467769, "date": "2010-06-27 01:32:00", "val_max": null, "revision": 4}}, {"pk": 48, "model": "codespeed.result", "fields": {"executable": 1, "benchmark": 12, "value": 4.9349999999999996, "environment": 1, "val_min": null, "std_dev": 0.075458597919653994, "date": "2010-06-27 01:32:00", "val_max": null, "revision": 4}}]
